/*
SQLyog Community v11.11 (32 bit)
MySQL - 5.5.38-0ubuntu0.12.04.1 : Database - cheese
*********************************************************************
*/

/*!40101 SET NAMES utf8 */;

/*!40101 SET SQL_MODE=''*/;

/*!40014 SET @OLD_UNIQUE_CHECKS=@@UNIQUE_CHECKS, UNIQUE_CHECKS=0 */;
/*!40014 SET @OLD_FOREIGN_KEY_CHECKS=@@FOREIGN_KEY_CHECKS, FOREIGN_KEY_CHECKS=0 */;
/*!40101 SET @OLD_SQL_MODE=@@SQL_MODE, SQL_MODE='NO_AUTO_VALUE_ON_ZERO' */;
/*!40111 SET @OLD_SQL_NOTES=@@SQL_NOTES, SQL_NOTES=0 */;
/*Table structure for table `goods` */

DROP TABLE IF EXISTS `goods`;

CREATE TABLE `goods` (
  `name_ru` varchar(255) DEFAULT NULL,
  `name_uk` varchar(255) DEFAULT NULL,
  `anons_ru` text,
  `anons_uk` text,
  `desc_ru` text,
  `desc_uk` text,
  `artikul` varchar(255) DEFAULT '123',
  `weight` float unsigned NOT NULL DEFAULT '0',
  `price` float unsigned NOT NULL DEFAULT '0',
  `active` tinyint(1) unsigned NOT NULL DEFAULT '0',
  `only_tomorrow` tinyint(1) unsigned NOT NULL DEFAULT '0',
  `id` int(10) unsigned NOT NULL AUTO_INCREMENT,
  `label_id` int(10) unsigned NOT NULL,
  PRIMARY KEY (`id`)
) ENGINE=InnoDB AUTO_INCREMENT=16 DEFAULT CHARSET=utf8;

/*Data for the table `goods` */

insert  into `goods`(`name_ru`,`name_uk`,`anons_ru`,`anons_uk`,`desc_ru`,`desc_uk`,`artikul`,`weight`,`price`,`active`,`only_tomorrow`,`id`,`label_id`) values ('Чизкейк с сыром Рикотта','цуацуа','qefqwefwefwefew','цуацацацауц','efwefwefwefewfew','цуацуацацац','123',500,500,1,1,1,1),('Грушевый чизкейк','','erwgewgewgerwgerwg','','ergewrg','','123',515,15,1,1,3,1),('wefqewfwef','','fqewfqewfqewf','','qewfqew','','123',0,0,0,0,4,0),('wefwefwef','','efqwfqwfqew','','','','123',0,0,0,0,5,0),('et34t34t','','34t34t34t','','34t34t34t','','34t34t',343,34,1,1,6,1),('ergerger','','gergerg','','ergergerg','','gerger',465465,64565,1,1,7,1),('ergerger','','gergerg','','ergergerg','','gerger',465465,64565,1,1,8,1),('ergerger','','gergerg','','ergergerg','','gerger',465465,64565,1,1,9,1),('ergerger','','gergerg','','ergergerg','','gerger',465465,64565,1,1,10,1),('wefwefwef','','efqwfqwfqew','','','','123',0,0,0,0,11,0),('et34t34t','','34t34t34t','','34t34t34t','','34t34t',343,34,1,1,12,1),('wefwefwef','','efqwfqwfqew','','','','123',0,0,0,0,13,0),('wefwefwef','','efqwfqwfqew','','','','123',0,0,0,0,14,0),('wefwefwef','','efqwfqwfqew','','','','123',0,0,0,0,15,0);

/*Table structure for table `labels` */

DROP TABLE IF EXISTS `labels`;

CREATE TABLE `labels` (
  `id` int(10) unsigned NOT NULL AUTO_INCREMENT,
  `name_ru` varchar(50) DEFAULT NULL,
  `name_uk` varchar(50) DEFAULT NULL,
  `color` varchar(10) NOT NULL DEFAULT '#ffffff',
  `bg_color` varbinary(10) NOT NULL DEFAULT '#000000',
  PRIMARY KEY (`id`)
) ENGINE=InnoDB AUTO_INCREMENT=3 DEFAULT CHARSET=utf8;

/*Data for the table `labels` */

insert  into `labels`(`id`,`name_ru`,`name_uk`,`color`,`bg_color`) values (1,'Отключить','Отключить','#ffffff','#000000'),(2,'На день рождение','На день народження','#ffffff','#000000');

/*Table structure for table `modules` */

DROP TABLE IF EXISTS `modules`;

CREATE TABLE `modules` (
  `id` int(10) unsigned NOT NULL AUTO_INCREMENT,
  `action` varchar(30) NOT NULL,
  `icon` varchar(20) NOT NULL DEFAULT 'news',
  `parent_id` int(10) unsigned NOT NULL,
  `name` varchar(50) DEFAULT NULL,
  PRIMARY KEY (`id`),
  KEY `parent_index` (`parent_id`)
) ENGINE=InnoDB AUTO_INCREMENT=12 DEFAULT CHARSET=utf8;

/*Data for the table `modules` */

insert  into `modules`(`id`,`action`,`icon`,`parent_id`,`name`) values (1,'','news',0,'Настройки'),(2,'','news',0,'Контент'),(3,'users','news',1,'Администраторы'),(4,'roles','news',1,'Роли администраторов'),(5,'pages','news',2,'Статические страницы'),(6,'goods','news',2,'Товары'),(8,'','news',0,'Заказы'),(9,'orders','news',8,'Список заказов'),(10,'schedule','news',1,'График роботы магазина'),(11,'news','news',2,'Новости');

/*Table structure for table `modules_roles` */

DROP TABLE IF EXISTS `modules_roles`;

CREATE TABLE `modules_roles` (
  `role_id` int(10) unsigned NOT NULL,
  `module_id` int(10) unsigned NOT NULL,
  PRIMARY KEY (`role_id`,`module_id`),
  KEY `role_index` (`role_id`),
  KEY `module_index` (`module_id`),
  CONSTRAINT `module_fk` FOREIGN KEY (`module_id`) REFERENCES `modules` (`id`) ON DELETE CASCADE ON UPDATE CASCADE,
  CONSTRAINT `role_fk` FOREIGN KEY (`role_id`) REFERENCES `roles` (`id`) ON DELETE CASCADE ON UPDATE CASCADE
) ENGINE=InnoDB DEFAULT CHARSET=utf8;

/*Data for the table `modules_roles` */

insert  into `modules_roles`(`role_id`,`module_id`) values (1,1),(1,2),(1,8),(6,1),(6,2),(6,3),(6,4),(6,5),(6,6),(6,8),(6,9),(6,10),(6,11);

/*Table structure for table `orders` */

DROP TABLE IF EXISTS `orders`;

CREATE TABLE `orders` (
  `id` int(11) unsigned NOT NULL AUTO_INCREMENT,
  `time` varchar(5) NOT NULL DEFAULT '',
  `date` date NOT NULL DEFAULT '0000-00-00',
  `pay_type` tinyint(1) DEFAULT '1',
  `name` varchar(255) NOT NULL DEFAULT '',
  `phone` varchar(255) NOT NULL DEFAULT '',
  `email` varchar(150) DEFAULT NULL,
  `total_price` float(10,2) DEFAULT NULL,
  `products_json` text,
  `address` text,
  `status` tinyint(1) unsigned NOT NULL DEFAULT '0',
  `comment` text,
  `manager_comment` text NOT NULL,
  PRIMARY KEY (`id`)
) ENGINE=MyISAM AUTO_INCREMENT=2399 DEFAULT CHARSET=utf8;

/*Data for the table `orders` */

insert  into `orders`(`id`,`time`,`date`,`pay_type`,`name`,`phone`,`email`,`total_price`,`products_json`,`address`,`status`,`comment`,`manager_comment`) values (2393,'erger','0000-00-00',0,'Чернов александр','093 77 9999 6','345h54ht4@ergerger.gerge',5000.00,NULL,'t4rht5htr',0,'fewfewfew','wefewfew'),(2394,'','0000-00-00',0,'q34tr43t','34t34t34','',0.00,NULL,'',3,'',''),(2395,'','0000-00-00',0,'q34tr43t','34t34t34','',0.00,NULL,'',0,'',''),(2396,'','0000-00-00',0,'q34tr43t','34t34t34','',0.00,NULL,'',0,'',''),(2397,'','0000-00-00',0,'q34tr43t','34t34t34','',0.00,NULL,'',0,'',''),(2398,'','0000-00-00',0,'ewrgergre','gergerger','',0.00,NULL,'',0,'','');

/*Table structure for table `pages` */

DROP TABLE IF EXISTS `pages`;

CREATE TABLE `pages` (
  `id` int(10) unsigned NOT NULL AUTO_INCREMENT,
  `name_ru` varchar(255) NOT NULL DEFAULT '',
  `anons_ru` text NOT NULL,
  `desc_ru` varchar(255) DEFAULT NULL,
  `anons_uk` text NOT NULL,
  `name_uk` varchar(255) NOT NULL DEFAULT '',
  `desk_uk` varchar(255) DEFAULT NULL,
  `text_ru` text NOT NULL,
  `text_uk` text NOT NULL,
  `active` tinyint(1) unsigned NOT NULL DEFAULT '0',
  `desc_uk` varchar(255) DEFAULT NULL,
  `seo_name` varchar(255) DEFAULT NULL,
  `type` enum('news','page') NOT NULL DEFAULT 'page',
  PRIMARY KEY (`id`),
  UNIQUE KEY `UNIQUE_SEO` (`seo_name`)
) ENGINE=InnoDB AUTO_INCREMENT=6 DEFAULT CHARSET=utf8;

/*Data for the table `pages` */

insert  into `pages`(`id`,`name_ru`,`anons_ru`,`desc_ru`,`anons_uk`,`name_uk`,`desk_uk`,`text_ru`,`text_uk`,`active`,`desc_uk`,`seo_name`,`type`) values (2,'fewfewfewfewfqew','ewfqewfqewfqewfqewfwfqewf','fqewfqewfqewfqewf','','',NULL,'1213<table class=\"table table-bordered\"><tbody><tr><td><br></td><td><br></td><td><br></td><td><br></td><td><br></td></tr><tr><td><br></td><td><br></td><td><br></td><td><br></td><td><br></td></tr><tr><td><br></td><td><br></td><td><br></td><td><br></td><td><br></td></tr><tr><td><br></td><td><br></td><td><br></td><td><br></td><td><br></td></tr><tr><td><br></td><td><br></td><td><br></td><td><br></td><td><br></td></tr></tbody></table>','1213',1,'',NULL,'page'),(3,'цуацу цуацацу цуацауц ауцац','ewfqewfqewfqewfqewfwfqewf','fqewfqewfqewfqewf','','',NULL,'fqewfqewfqewfqewf<img src=\"data:image/png;base64,iVBORw0KGgoAAAANSUhEUgAAALQAAABrCAYAAADepajIAAAgAElEQVR42sycd7QdV3Xwf1Nvr+/d13vTU5csyZKbLFvuDQMGA7YhlFACIRBCTSANSEghCZCPfCQkoSUQio0N2AZbrrIt2er19V7uu+/2Mn3m+0MOSyhqgJN8d61Za8rvnnNmZp999tl7nxE49RMB9xz7nHbMWc6fizmd41dkxNPqcM9o2/8PzC9cUySJ37/9dZf/1rW3fCPg6l2Sa2GlcxRGJ3l8KfuhPznyzBcmC1n7f6qtiizT39XD8dHh/83nwlnkiv8uRj6jMecSsrMJ8Jk3cj7B/FWYszXavYib/u9ixPN0RFcRJf7vG9920x2XXvZ91cMvaDZOtYI1OoZjGAwK8l9ua+s5OlnI/vR85VxEp78gs6F/IPrWS3fctK6l6/oGSd384tz4t/7h+Se/8sLo8dIrXdd5mDPl5lzK7xVl5NNOnk8LX0jLuucRil+Hcf8/Ys57Lx/beeuVt/Wt/HdFt/yC5GDPjWGPTqMVK1T9PkzHEDuCkUEBHvPO/cxPVxK/EvOh2++6/M19678cKmvrFE/Gq5pcGaxf17f91ps/ZDv37Zkcmn2l6joPc77Rlv9ORjxDeMXzmB2cgz3XvngR/K/CnH79f5I5nf0FLhkIyvduuuyTcigSpVrFPnIYq6xj+fyUdZOaZqLZcGl9832qJIvnKucc7bpoZuvg6vh7t2z/Wp0/vE71BRCRcRfTWEt55NnlHX+w/prvXtLck3wl6roAw68oO782I16kcJ3Oumd5wZyjQ1xIUM/HuOepTzyLWfDfzZxzPvE7l++8Jea5V9ojxzGnp3HCYUxTQPcU7LYmrKCCYdSoFAqD6xtaw+cZES805zgno0iy+PnXve3P5IV8H4U8ctCPOzSEdWIEbWgcbXERYyG97bc3X/u5ulBU/nXqughGvEgZecWZ04cK9zxD75n2i3sO+8k9z/9+WYZzMKdvooDAiuY2UTg3dzHlXAxzTu6+DZfeJ1im3xHBrI9g1Qyq6Tzl+UXKC8ssTS2gWR62aYb7osltF1EfvywjCoLciu8mT9MRfEG8TBavpmOEo2iqRLVm4Lgmkpb/jXdduvP3fp26LoJx/7c2+SLtJPE8Ai+ew7Y5n1b+VZifs5Ik8Zqrrum4e8fOHTtaWu7TF5YHzGxt/B/37f7M9yeO7hqenz1b5zjfUHkxzKm6RVFUFNXveq5tmqa5rrldlXz+2xxDQ4jXIy0toU3NUc1XmavUKEoCpifhCWDigSiq/1mHKiuIoijaroNt2+ebVJ1t4v4LjF9VXTOz7AY7O3COHsUcnsKcW6aiKhiug6mK2LqMURPl7kDwgy2RxJfmy/nar1LXRTKch3HP42j4tRjp5QPvHO9PeBn0zuMNOBvjnba9Eszp17w/f/t7dn7q5tf8rHs580apUu22i8WoUdA6V8YT99y0+pLrlWT00L7xkbnTyjprOYAX9AeESCiSkiVJNS2rdjoTCYUjfp8vKQiiaTu2VZ+oq9t+2bV/deP1t/9dOBB+Ta6Q+0kqHKq7uWPwQ3KlilMoYBkWmi1SEwTyPpmsYOMKNqYPqq7NsiT/wAz6pVgwctu2S6789CWXXPbhWCiyrVIp7dEMrXRau3zvfvd7b371na/ueeKJXaOe53lnPLPT70d46/W3bNyW6vygOzwiudkyTl8nuuBi1yexwyqmaKJXTdxAEEEWQ2s7B3r2zI39wHRs9/RyTuvc56zrIhjvLM/eO8f5V5SRfwn/39nsSPECs94L+Z/dC9hn/6WuN19/c9O9Pf3fZ/hk1HNsjFIFW/NwT4xgVXXRifkuv2v96i8+dGjfNflSyW1uaOmJBIJtC8uLw5nc8qzneaIoirSmmgYGO/t/WxTEm9ra+1vyuWV9JjP90bnF2b2xSGxdIpa8urt7xWt8khKcX5ydX1ia/eraSy6/r7t3YGDv07tIp+c7OlJNP2to7Ri1gkH0uXmkoIqxnKdc0ahFo1iei1N1QZSxTAdNEcm7+r+HlaBYMh1xYnKYyPISgYh/3eZNm3u2XXXlh4eHT+SmRsejDXUNX33da1+zZu9Tu+3bb7jjkdn0/D7HtU+mFxd3xRV5WyrZsDMajQfnFmefOjkz+YPtnb2vshbTquuCFw6hj45jzixRdV1q5RrVuA/HL2Hn8yAmiSnqXVva+v9+19jh587jU76QL1i8CDn5H9XQwgUa/uv+3Iso373YNnQ1NMsP/+lffCc6MnUnpoan29izi5i6jVWpUBBFKpZBOeJnuCn+tzOCt860pe2C6pM1vZrbf+iFT+bz2W+uau99fyQQ+XBjV380FA4zPj5JKBYlmUiw59lH3M7BDWIgEGbixGFq5QKOAJZjEYnV0T2wkqmhoxh6ldtfeyeJZANrDk8RymTA76CVLWwpgOmZLJZziLJLtWxQNQymBJuXKhkKnkp3/yCCIKJpVa68+kquunILKwZXEAyF7WKhgCBK8k+/+232v3Cc2WIJyecnHI5gVErLjm3FJUWRo7E6CsvzVGvlf/vtbVe09VfE7V62iLuYxihWMBCoiaBVylgBH/liHqshheY5iJEQzxTSb//J8P6vt7V2rHNsx84XcznbcRZrWtW9wDtyzzMZ/F/9SecZLoTTGnq+occ7z8YFrl8s4wHCH97y+jdtjDZ+1KlogpXN4RTLUJ/CKZUo13Q0o4ZuO+iahmlZ22Y9t1tQfGKysZmjR/YH2rsHbu5paH5nu6jeNrm86AuEo5QrZXStRimbYW5qDMs0BcsyqW9sIVGfoq1nAE+SqFXLiPllRmcmQJS4++1v4aOf+Cgr+rr5yne+i1apUCiVKCejiL4g2eV5yoUyVcugommUBY99lQyThTw+xU99soGwGiCZamEpk+Xk0YMEQmEam1pEn+oTC8tLTEzNEGtqJJFqor6+gcW5SUwItvQMioNrL0FSfSD5ae/oX9sXiHQG59LYhQKuJKNpOm59klomTa1coVgpYwlg2DaaX0KzTaLxuhVWONjR1r7iq35JeVfvivXvSyXrd4iCMKVIgpOKxd+ciMS3xyIxrVQtL5723j1AkCSJq67aHu3q7g5MTU4aZ5EX4QLHrzhzIQ396/S6V0I7/1xT+GRFPPZHX3pcWMrucJcyCDg4lRJuOotdqVD0+6niUBNEirUKpViQyeZmhEScufQC4aYGJET8kopfVSnm8ziGhV4uYIgioUiclr5+9j3xMxYy8+SLy8TrUmzadiV1yRYsy2RpaZGRkwdYWprn2w8+wKYNG6jkM/zlZ77MUw9+D9ExuXr1FuKGAUvzGK5HzbWpuh4zps5zmSmUYISGxmZSqUb6+/vp6+9nxapVNDWkUCQRPBdZEFD9PhRVQlL92O6pt2WYFuVKmUw6TXZujiMnR7E8H4KostPnJ7j/EJKoQk3DtmxKS2ly1RKG7WD7VCzBo1TTsZviaLZNThE4ahtUbZdQNEkiGSezMIMgSnpjc7MZDYWjtUqNuekxt1gt/9XY3MQnbefU7HX79u3Rz33uLz40MND/W67jmp/6wz+8+ctf/j+HzxO/cM9hRr6ijHwB21n8Je3lc9nFF82Ioig21aUGAqr/Ws3Uh7PFwi7DNEjEYrKN2ye4YIsiYkDCcWPYgQqVsEDeqaH5fJBMIgc6CPsVLmttoa6zk0hDCp/fhyKLqPE6NNMln80zemKE5x//GcPHj5JsaGHd5VcwPTuO5Tj4gxGWM4uEg2EG+vsQZAHFt4Grd17KyPGD+GWRWjmPZZoYtSIDm7YxM3yCn544gKnXEE2dungdRqWE7YEW8vG6193FtZs3UO8TkFyTajFPsTxO8cACWiRBJNVINBYnVpfC86lYNpiWhmmY2IaBrCjEgkGaNqxHvGQDV99kUs4XmB4aQjw6jBENIRWq2NUKhVwWy9QpWwZCOIpeKmGJHpZfoW1NF7GWFMGQwHW+MPc/8yKT6SIHXnqKuvoWegfW+6+6dqd/+OAeju17EUOriJ7n/l5/a3d1qbT82Ug4HLzxhpvePNDf+weeayPg8bGPf/TPvvWtb95aKpV+mYjyK84IFyGcF0o+Oh9zsYlOP2dWdfZ9YOXgxs+1pJrk+XzWPXxs74cWlhb+eX3/yvDnd9wxopa0oOA5OFqZor3EgewcxxaXyBguuiChqArNjQ20NNYTFBQkScWniHStXUfP1suRJAHB0vHH4wTqG/E8j5mpaY6fGOP4sVGOnDxGJBqnra2Thx/4OoVsllXrNvD5v/0ciUSEUCSKrCo4po5eKwIqH37Lewk0dnLs2EEKpSKy4FHILoLnsWbjBu667XrWx1zm9u9naDrHaK5GzhaoSRK33nsvd9/7RhRVBc+hmEkzdewQzz3xDPl8idWXbKWzf4Cmjk78oRB6pUo5k8GxbeKNKfzRMJ7rYmoGtcU0+af3kN1/HGspjWmYzBeW8aQAVqmE5tok1/RzxWuvxcwvUcwsEO7ooFQ1+NGkxk8f+QGlcomW5h4GVq6jtamZ4cP7URWZuekRTMu2V6zaMBqPRHp0rSrfcOdt4q2vvglR8PCHorWvf+1br/32P35l75v61r/G1QzVSAbGv/rss08fmxypncUG5wJR6V+JkV7e8c6iOYUz7BXx5X3hNJ4zbO3TGeG06xfFNMQSXa9+7RvvX7d1u7J791MEE0nBJyk3yY5938r2rnetbelIelUdz66RDxZ4+Ngh9i9XyDgelihiOjaKIrJ26xY6B/r4yYGT6IEopmNg6yb2wjzx+iTxvlU4joe2tIiEQ0NrK339PaxcOUAoGMEyLXLpeUrLGTAMjKrG3uee4/mnH2d0ZITeFeuRFB+iHCS3nOWxf/0m8yeOUCnlcR0b0XERPZeWrh4+/5F3YLz4LPsPTzOiKZQCSQqWSy0U4iOf/TRXX7OdcDSOIIiYuoapVZgYG+E7P9oF8R5a+lcwPjLCV77wJeanp2lpqCPW2AiyzOzwMPMjw/gj0VMmSiRIsLeTyNp+Bn/j9XTfdRvJSzdw/PhBxhdmyQoO67atRhZtrEoBSVXwgkEWsjpCXQv7XtxNXV0b26+5hXU9/RRmppiensa1DeL+AD1rt4p9vf31+cyitP+l3cL05AymaVCrVqnm8srG5pa7blcb7u5YKv9GRzh+a5sl3Lu9f33qGwd3/+Qsrt5zycivxUinnThTc54p5Gf6ic800Dljwnh6L/o5013f5Nu5amNisLGtPhmOWDO5jPWfzLreFW+47bIdd4xMTDE0fIz56TFmZsbwPC9an0hGZo8fxXB0Yj1BHtt3iEnDpey6WJaFaRgkAipvfs87uPOtb6GlsxPbk5mcnWUinWHf8BD7h4eQKgWSRoloRxf+VBNa1aA8M4EaDhOKRelsbyUUkPnZj+5nOZPDdV3aOnpYv2ED0UQMRfUxMjxKsVhmcW6exx/8IdmxaRzTwnNsLNtC8Dwk0ePNb7mH8ORhhpcdioEYRMIYuo5WyFCQAsyOHONf/vlfmZ1bAASi4TCVQpYv/N0X8eQkWBaFXIYbbryKb33ta+zZ+yIHj4+CZZOIBEk2tyDICmP79+GYFoFIBElVUIIB9EoZxa8STtWj1if5xg/vx6uLsHVFN6Lo4pchUN+A4TqMjE3xH488QlfvKq698VVgu9iWhRwKMTk3xszMOEE1wFwmzdDQIY6eOILtuKzesI3Va7ZQXUjjnJgiufuwLC9kkqojYFZrmEUNK19YMWrW/mGmktfPkImzOR6EX5eRzqKBvdP2OUsv8c7ibzyTOX0GKvoUlbUtHbHPvP4d7//YLa//251O4JPX1LX97g0t3a9d29kbMVX5eHtj80BrtP6PpkeGmqdnZnCBUjFHOBrl9W96G/G6NoqKQluLj2OHDjNSqlJ1HGzHBtslFfDxG+//La6/540IroFeLSFIMg89+DD5fIFauYqLxLNHjzO7MEeX6hJt60aJRHGUANnhE+A6yMEwjU1NXHXVdgqlAkeOHyeznEZWFZqa6inmcmiGQGaxwOixYSaHxpicGsfzQBJEFEWhs7+Xe9/7XrakZOZyYIWThBoaMXSdyvwcJ+YWWCiU8Cl+IorDC7uf5vvf/QHr1m9k5MQRnt79Im1dg2SXFpgeG2Xn7bfS1d3MwUNHaGnp5PnnnuZnj/yYmKrS2dtLXWs72YUFFkZHCScSKD4VUVXRy1Vq+RyZ6Qme3/si7Y1NbBjsIaSKyAKodQ0UCwUOHh9GaV3FDTfeTk3T0UwdNRBgz57HGB46SiJej4lLJjNPTdNxXOfUy9Y0YoLHRkFloKAj50p4kSja2DTW7DKmoVG1LHWgsW3LlFG7f7FaMM8y+p9P+/7SjHSGxhUu4C7xzqLFz+WK+3mlf37Pe+78wzVX/LSror/KOz7axPi833FsSQioqTo1et36xpa3lrMLvxP3B1rburqZzizR3teLaZhcftU1+ESJ+flJdm7bSO3EQY6mc7iSgui5eI5NAIeB/g7e9KlPIwsWjqmh6waBQIDjR4cYGR6lUC1SqpSwbJvpdIbjkwv0RUSiLZ3IPj9CMEJ6ZBjXNlGCIWRFZf3adejVEieGhsksLbOULuALN2NWDU7se5656Sly1RoVx8R1LJKJOHe9+x287xMfpUU0mTsxwlzZRIpEkf0+SqUymfkpDs9mwHFJ1qfYsKqPYqFMJNHM7OQE5UIRo6aznFnCEWQUnw/d0nn/B3+HZDzM6nWruO01d3DLnXcyMnKSZ5/azapVK4nW1+O6LpMHDhKuS6GoMoLg4Rka+dlJdj35DFdsXEt/dztBWUSWJQL1CfLpRYZnFknrItFkHbg2+fQ0P/rhvzE5OYEkSniiQDyepFBYxrRMJEmktzFFWJF5be86VoQSyIKMXaxQe+kEjiKgeSJFBbRSGSXg6y6KwrOHlmeHz+KuPZ/795dmzmZDi2exkb0zzp+uqcVzMB4gvvXynRvetXHrP/qSda1uvoInydiFEprnYmdL6AtLOOls6IBbE08szLFQLoOqMnHyGDgeoWCMQy/uwS4tcUlE5sjUPJYAfkXEcx08rcbargYGbn0N67duRi8u4aDgimGqFQ3V7+fRxx7DcWzwPHySjCwpFMsVDg5P0h5RSTa3IUgSQiDM7PHjGJUiaiSG58HaVaswNA1/vIWenpXEonEK+RyOKJJqbKW+uQPVH2DLjmt43+9/iM1rehm5/xs8/bPdlFEIJuIUKmVKlQrZyREm55ewZT+p5nYaUnHKVQNfKEy1kmdxboH2nlV0DlxCKN6AXixhannuecfb6WhvY3DVKvr7OknFw4QCfrp7+5mcWaBULFEXixBN1uGPhJnctw8JF+3kc1RHD+E3SvR09dLV1kFjfQS/qqCGwqghFb2qMZWzGJ2fZ+8LT5KI1fHk4w+RLxSQJBkBqNSqFEp5XPfUKB8PhLBsl3dcdgOblTBuOoNTroKmo+dLVGbTlAQXExdLFTACftpjqeYnFkb/7eVQ+9m0LKfJDb8qI18gH/p80SHxHCsIfl7GB2949aW/dfVt33X2HGirWhZmehnXdnHLZWrLFUQRDMHCDShsakpylAx+LDKZEoossWnrpfSu2ozfE9nRH2FiaBQ1Fse/vERNr1Iul1k72M0tv/Nh1lx+FTMjxxg9OUUmk8d2ILO0hD/oo6+9g+X5BaKRGMn6eibnpgkGA1yx80rCXR14ehnDVBElhbqBQaaPHKFYKNEyuApRVbnn3jez+4V9lKsWtuORaKjH81w0XaNaraEEVW688zY6ujqpzEyQWcxR1hyWc2XW9KwgKvvILy/h9/mYyxbIGToz6RmOHgMBAddz8QXC3Pf295NKpJhPZzBMl1w5T//aLXR3dmHoOp6toRWXKOWWWcwU2XfgKN//3rcJ+sLEwn4+8q63EG9uJ+6zObnrEbziMgFZwrMc6iIqcVvAKguE23pRwyqZ0cO4CLR3tDEYbEAaPsIjj34fz7ZRZQUPcDwPURRxHPtlZaAiKz6u7x3kqsZ2JNvDzGWxFpdxm5rRfAJGYxw35KM6OYcT9WGrMnIotH2gvrll3/z49HnSg8+VOnzRjHwR7pHz+aHP5eB2V7Z1+d85uPlrzv5DbVJdAnM2jV7R8YIyVqoOT1Io57LU6sJY5SrhapU71m/CVFTGCxWaBwYZWLWKqZNDRKUSIS8IoQQJ0cOulSmUCtSFfWy77Ua6Vw1QLSwRjqcoV44wPnqYWtUku1zAslyK2Tyu51Eo5ZnPLRHwBfiTz/81192wE0HwsAyd8SMnsSwbRZVpXbmSiYOHMQ4fom3lKnwBP1suWcPn/uLP2bN/Pz7VR2NTK0F/gEwmTb0gMdHbRk9DDDMzTyQWJ0oSTfUzMzeP5zkU5qYpl0skGpoIuR7p7CKFchlEiMXidPcOUMxmKOVKSLKM36+wavV65mbHGB+fxqhGmR4+xPH9LzEyOs3cUg7bFbFMByUe5NjwEH/6+S/x++98E9bscYRSlWxZQxVFXE0nl7EITE0RrU+xsXMlgiziCSqCIuGYebKZNF1dnWjlHJVcgappYr6cASiKIngijusiiBI+wWV1QwveUho7GMOtWtj19VRPjFITLLRSDd3Q8Roi2KqCXq4iN5nyzjXbtu+bH//mRaQq86sy8i+xOsC9wEqFX9DQiWAwKMeCcVFqxRiaxB6ZpppUEQwXu1bEti30oIjtEzCWdCxVoLq0zH5Tp1apcWxmlJbuHvyJOFd1rmF8aJJANE5paRajWkWVBAY3rGJwyzqK6VmkYD1VzcD1wNLyVItV9FqNkYk5cuUCHgICEPT5WL/tchLJRrRaFc+x8ByTZEOUhclFHElBEAQa+3o4ufclTFOndWAlguvwjre8lanpOQzLRXEF2joGuOra29FLRcZGR9g61omTmSHesxLrpRNIooyoQGlpAUo5WlZfjdBc4OCBPWhajXg8weDaLdSWZ2lvamZq6CCTM/N4uOC6BBQF3dL5i09+jI6eHmRRobt/A5t3bKXy0x+y65mnWb1iBZ7nEfQHiUlRnnthiE1NKqpQQPIcssUqQdHDNsunEh0yCyyP7Kdl5Qpc18IXSqIkbf7wHe+nt7eTQjbD/d/+Dt/6xr+znM1R1TQkUSAQiHDVVdew99nH6U41sjGawNNd9Nkp3JNzlGMKtgOaZVG1TAzPxigbWEEJN6LiVGvE5ND1wL+tHFxJMBhk3/59/y25HPwSeRlcpIHOe664/o0DnvImJ1/GrtWwfBIWIPW0YgoilgSOLGHJIpYgYls2hHzM+UWWSwXq6hrZ/fTDXLmqi6goIyTbkD2LUjZDqVIiEg4Q6e1ldjHNxOgok1OzLGfLTI6PIQsGumYyv5hjem6B1q4V1KolBFlGUX1UiiX8QR8bN6zFNnVso4qhlXHMGkY2g+UKOK6NJymc3PM8gVAAQVKQPI/Bni6ef+5Z4o1NbL/mZqKREOVSgd7GBOrCKKYtkCnq5CoayWQUDI3K4jTxoB+7sZNHH/gP5jMLOJ6DovpYvW4zLZ0rkP0xLCTyuSUEx6ZWKyFaNtVqlaXsMq7oZ/CSK/EkFUX1ofolXtq7GwHw+6PsvPEOYq3tDE3PkS2X6AoLWLUqhq6hOw6Sa4JrodWq6MtzqP4grhrA8UdZc9OdrFm7Er9PJRKNcsnmTezcuYPJ0WEKuRJBfwBF8WEVlllaTiN6KjfWdYBrYRwao9ScpFitUjFq5PNFHBF0wcNwTMS6KHq5ii0oeEHVeM073ub7zKc/+6W3vO71v7lly6XJxeXlobe+7a1rPvHxT1z1zW9+4/BF5vWcc5MvUhNf1Mrnl1dOiJsGVl6+uqPnM54GdrlAzTYQFBVBUdAXligvZLBtG1O0cUwHwzFxJQHF8pjIZwgJIgl/gK6NW1jV1krZUpGLWXS9glarEI2GEYIBhiZmcE4cpaJbSL44si+G60E4pFAqCExNLmJaFotzk6xafylbtm3HcWyWZqdZWphCkmVq5RyLs1MMHTvGyOgYAdPkiit3IPoiREIBGnpXMLpvL71brkCRZJqSdbzzvjfyL997kO/86xcQPWiKhbjhne9kcaSGbosQDFDX3YcsumRnJvHbGqGWPhbyOeo7uqlTfIQjERL1jTSkGnFdD9t18FcieAhUqyUa6lO4uoHluAiOzfTwUR4p5ens6cfzHE4cPYgriHT2rqMpEefJH/2QmqFhORaHbA11Ux+rQyLVqoNhiOQ0A8GsURfyYVgmWrlIIJZkZHQUeXAzrusgSqe8uI4L/kCAP/7Mn7D3hT088pOnGRkZYnR8iFCinr5Nl2L5VSTDwNiwAntuHsd00Ko1aqqLZuuItowb8uOkc7hBP55RwzJ8lz726MOXzi4toboGsUTd5n/6ylc+LsvCc7/7ex95F6/gZwwu9IczV6ycdRIIuF3NrV19bV33NyHVm9llbNfFy9UwYyFsWcHSdVxFxpYEvHAYp1JFJIClV3BxeO3tb+To5DAn9z/HB65+ExY+fKqMrRVwtArxujpcz2TJF8fvaeRrBWzXw9Bt5iZGcD2Rd3zgAxhVh6n5NPMn01iuy/59z1LIZ1FEmaCq4ok2X/67L7EwO8XI8DAzs/MIAsRiYZq7VtDbqaCKEnUN9RQzi0wcPURr/0pqjkNTIsW1l17K/hMj6LrBdduvJdHdy+yx/UQa66hvSxGMRanVqlRng5SKCvNajfl0hpa6FAICcqKOzOIcR/Y8jSgLSLKCKMn4VJmi65AvFGhsaGbNJZcSjIRobWxkbPQkQ6MjLGWXKRUrNDS2097VTW52gkgqRQSRYDxBMBjk8OQxBlY3EtWq1EyDogO67mA5NWqmQXB6hoHmTsaHT/Lwp/+Uv/vKl0k1NzF89DB/9ek/Y2h4mL7uFrp7BggHYGZmAlcNcM3Nr6errY30xBTR4xMYlotTM8kZNQzdxJJFDMWHa5hQruIFZLyIjOUJLGUW2L88xYtHjuAPhgi4Lg89usufr5U++q73/GaLY7vmj3780NIvka+hJuUAACAASURBVJd/Uemjwjn80GeLGopnRGzEVd39dyq+8BvX+vzIlQqmYWBbLoZjU5mbprC4SKVcplqtUCsV0THQ9RqabWALLvT2Mbh5C/n5cXZs3Igr+vGbRWq5WdJLeaJhmYVyjd2Hh0kl6pFkgeV8ldGpeXKFLLZrEQ0HmZ2aYnpmglK5AJKIbZksZ9OUS0XqU83Ylo0v2kp9QzfJuhZ0vYJjaEQiERZyRVZ1d+AXPSwXHFFmfmIMx3FQgiFqukFTMkHZ0Nm6bi2Dq9eSaGnBJwlkZ8Yp5vNUayb5bJZSJkt5cRo51cDxiTnWXn4dsfpGtJpGJJ6kVFpmfmYCVRbpbG/j5ptv5n3vex9vf+e7eMM9b+Lqq6/ikvVr6evqoKO5EccwWZiZQ7IcVog+CvllIk1t+IN+mju7aGyoY8/ux/ALCnqyh0tWtlOYmUCzLHRUlkpVslWT5XyFmq6x6/gYJcMjPTtF30A///r3f8OPH91FwCfikyRm59LsP3yUfKmEaekMHd3HzNQEKUkhGAhSrlaoyhqaYWOHglRcg5pl4gT9WLJIwTUxPIGK4zBkVdBlkZqu0dbZjyNAtViUquXy3utuulbN5vKJAwcOjP46Jod0lqige8Y57wJJS7/A1EeS7bKuv7El1URUCVEZmkTzHCq5HDXLoqYI1Gwb0yfj+v2YjovuOhgC6IJLPhmmXMqwvrEOvxIiGVbxCjOMnhxDkmwCyTq++dReFrI50ulFknX1HB+ZRA4GWbFmLRs3b8ETBJ594lGaG5JUKlUkUUIUJcLBCH5RJJ9f5orrX0VDfSO2aeI4HrrlMTU9RmY5Szlf5NjwOFduXovi2Fi2i+YKjBw+gGEZeKqPQrHI2u4OWpqaaOruxC97+BQVvVZDcwVs10NW/dSyGWrZRdpWDtLQsxFZFCmXspTKRVraOmlrb2PnDTt5/wc/yN333MPGTRupSyQQPRe9WsE2DIxKGReIpxpZu24d0WgML9jI2NI0U7OTzM9OIiAzduIguarOTbe+hsnxYQTRpi6VIl5NM7mY49BSiZmaRdpwGCpU2TM2jRCIMbu0QKVqcOLIYXLLS6Tq4oSCIeItK/CUCPNz0ximjud5OJ6D5wk4ukZM9qMbVTRRpOhT0QWXqmdT8nvoIsxWCow4FeZ9CjNGiblKHtOTcFwX27Rp6lzJitXrkERBv2bnjkRbe2fH/Q/84InBwUHlVXfcsem+e++9vlAoDs/NzTln5G2cc5MuIuFePGPdoXeWvA1BkSQxFYkPrmnteVerJK3r7OxCnctieA4lz6FWKlColqnUNKquiaF4VEsVDMem6tmYgBnw8dz8BJFage66FE31UaI+h8ljx3Adg2Aqxa4jw+wdHcf2POobm6gZJm959/u46w1vZu2qDTQ2ttPS1EZ+aY4161azb99+dFM/5eMQBGqmhunYXLbtchoamqkZJo7nUdfcTKVcZGJiBDyBbC7P+GyaK9cPYFdKVAyLii0wfuIICAKeKFPK56mPBmiM+aguTKBrFprtEW9pp1LKUypXKOeWMXMZVq7p59FHHuaJn/2EoZNH6R3o4dZbr+NVd97C2lWDBFQVxzSwLRtRVVACAQRZQVBVRH8Q07TILiyQzWSoi8YYm1/G8BzGJofojzZgqQq26yHWyuQmRnFsg3ypwLGxRcxIPY8dH2aiolN1wXQhEg6/nEhlUzNslrIZUqlW4mEVv6KCHMETfMxMjpJOz56KEIoSsijhWiY+22E0M0dOqzJXzFN1HbLFPONmhTGtyLheYt4zKDkW7Ws2MbkwjmZZWKaOaZnUNXWQiPiZOHEEy7TWDA1NXLa0lG+65rprR//5H//+W2tWr17z1NPPPPDs7t2zlUrF+WU09JnRlzP33TOif79gU/tVn68n1fLx7rqmL910/R0fu/aOV10yXalyYP9eAkgsVorUlrLkqhWWFYEcDkXRIW+bmJKAFlQw8KhJHnpXA+vWDLA6EaG/p42mpgRzx49SrZSRYnEWdHjg2b0Ikkw0GiURiSH6g9xw0x1kFjOMnDjM048/zM8efZCb7ryF7VdfSXY5z8TkBJ4HYV+A9mQDjdEozz3/DFqtQt/gSsJBmWP7n2ff3mdxXZdQMIyuaywvZ1hYLrO6JU6lVMLwBAxXZHp8GEFRsV0oZjJo+WVqlkggHEP2BZCDIUrZJZaWc2iFLKprkYj6aerqJdnUyac++1nuuvu1JIN+HNNEUlX8oSCK3weAVchQmJ8hOz1NeWEBq5BB8vtRw1FsxyY3O8fI1BTTkyMU8nkKpsaqS7ay89Y76Bno4qGHH2Aqk6alZw0bN1+FWtfIiaMHqZkmoWAEny+I5bhEAiphWUaUVGzHIbecpTHVSiJRj27Z7HvpeeYW5rHdUwpSFCUkQcInq7RFE4iuS8ky0D2HJbNG2rPIuSa2CFffcRfr1vVy8uQIyeY2Motz1EwDPJdEXTMbVm7EzhXp23gZHX39VKtl9u19Nnn5VTvubmtJHXrt3W+8+0c//vFUpVLhHNr4zJwiARCE8yw9d89z/uf/6Uq1vLspnPh7RRDwB/y4gsTc4hwRX5i6RCOJYIzFmRGcUha/ZYMovfyJGwkUEUcSKNsGpiLykT/9A3befitTjz5EMOhj6shRCrpLqLGJ9HSGF5/agxCJYTeHGZmeZmJ6DsOw8AcD+Hwqq9es5tbbb2b7NTtI1SXQyiVe3HOU5595iQMHX2T//hdo9AXJv6ylBQRERUa3TEzLQpFkosEI4VCceH0dvkCQ9Pw0rckE9+zYSLaoM7xcYWRmhtn0HKpPRfQ8fJ7N6r4BXveGt6IGZFxBYHZsiMmZebIzk9Rj09PZwmVv+U3qelZg1Wo4rocvGkcQoJbNMHnkICeOH2d0aJjjo+PMZbIEwnEkVaatrQvZqnDNFVfQ0b+C+dl5/s8//QNTswuE/AEcxyHgD+CPhDHNGun0Elt33MSNN9/JsYMHePzBr5MrFnAFEZ8awPNAN2rURWOsGujj6MkTGLqFKIr4/BEi0SSNjSkc12b/kX04joPnefBy1FAURFrCCRKIiI6F6fcRD4QxTYOKViUQjfPZr/8zX/zEhxibKxOO+JieGKdoagiIuAKIooQH9HcNEggFUdQAtusQS0T52O//ntvW3jo6Mzv7vX/66le/9tBDD41nMhn7Ajn77n96ObgIV8lZP24oCAJ9fYMrUokm1FgUyzCYOLSfeCCM7bgIRgVXERFVkazo4vgEdMfAcR1wwTNAlCTaGut5y84r6XTKBGIx2q/ewfiTu9j0rt/FF09gGQZP/ugRRh9+FL2YYXPPZi5Zu4JMNk9Vy7Fm4zo++alP0d/fg+BaiJKIY5QwKhkG16xAUILs2fMEqYYmCvksvkiUgCCgqCqGYRBTVWpahUg4QjwSI7Oco6d3EM00qK9PMHLsCI+MFbn+uhuon5rhx8/sYrlcwT6V3IAA1Nc1sbyUoam7k1DER0NLC9lihclqlabePq7+7Y8QioRwDBNfLIHn2iwPH+GJhx7kxz97gmMz8+i2g6yoRCMJZF+Ymqnh1lwqpaNYjs3JiWl+9013UnN9eLKfq667FVczmBw5jmHZOMjISKfC1ILA8X17cB2PgCIhSwolXcNDQJZkwvE6IqlWZrJFypqB7br4RBnZs6mWc0yVs6c4xUfVMzBtE9d1cT2XkD9I0axRF07S1tbHvZ/4EKJnU0wvUcjl6Fm3gcaED9NW0Ct5anmLuD9EOBDGkx3AZSFfRBJl8pl5zEqEFZfuIKiI7N+zi49/+OPiX/7N5wZ6u9s/8Rd/9pkP/Mkf/9Fz//KvX/vyX//1Xz9QKBTc80QKz+q2O1fexn/Zr48lW3Zcd+Nd3SvW8sSuJ+juHaSlvYP/+Mb/JQh0hsJIpkHSL9PQ10nIH6ZS1pldmqVk6IQiIe665lIuXztAtDGFEI7gOB6CKtG6/Vr8yTrMWhlTr+EpInO1GhIeQ6OzrBrsoa+rg1Klyt13v4HGVB3Z9ByeY5JqakErpqmUyozPTjExuUipkGdgYDUN7X0MDx9ieuwE5UoZQRQpZAqIeGhVnVyuRED1kTm+n4plki+XydYqTD/2Y/Yf2EM8EuHUsjrv52OfKAq01Ndh1YoEfDKRaBisOMlElG1XbOeOt7/j1BKwUBhXr7Kw5zF+fP8DfO/x55jK5jAdFwSRgD9IV98aBletoy6RZH50iKEjL7GcXaZg1ti4cROtA4PMPfUcN7/qTUxPTFH2ymzZeQd+WeAH3/knJMdDFSV2P/UzoqEokiwhOQ41Q0cWBCTPxTE1fKEg1ewcuDaNTc109w9y79veQiwSYnlxgUN7X2J+epFcocjcxAjZchHNtnA9Dw8IKX6aIwl23vU6tl5xKaqqIMkSoijiIeDYDn/8xb/hya8/QGBqmhVtrQhjCxSicCw9w0+mR5nKlwCXVGcfybo4ux/9IZqukx85yR9/6k/5whf/nFA4EvQpynXvfuc7L9/1xJOtT+x6vHS+FS3ny+Vwz/NtOwC2br78k5suv7Ill81h6mUWFuYZO3kIWZToSqSoD0XxywIDvb2sX9FDX6QVhic5aqR5cHqGW3asp62tESUSorQ4TSG9SHJrDVPXMQyDSqmILAkcP3SEf/rbLxBUfYiiyuJigaWlAwiqwmB3H4VMjoru0tLUgSC4CJ6Dq9YxtZTm5NA4e597nmK5TIOh09zcRDzq59D+59EMA0mUcBwHURAQBRvJdbBMjQnXQVSClA0bRBkJkWIhj2ToKLKfoE/AxcN1LARBoKEugWJXCQclVMEhFFBYsWo1/ZdsQfH7kFWFpf1P8eIPv0dgYBNeQztyJAq5AoLw8pzGczh55EVKxQKbLtlKU3c/VaPA0JNTxMIR3vbmezBrVSrpWb77o0dOfe/DNnFsG6NWQUZAUVQEQcSwLbLFLLIo0pJI0tUoUyiVCPqjiI6Bbej4VYlkso5UQysf+OQfsX7DClSfD0kUecN99/GXv/9x7v/RE0i+EFdfdjV6Mc3QyXEMU6fJH0HQquTn5pgaHSEaUlF9MrKsIIgq1vQ88hN7uWaxhL+lC3sxjTu/SDTcQX2sh76tHTw0P8uLwwfZ++LjTM+MIQA7brqdZ5/4MZl0lhNHj7Bu3RpdVALyU7tf/J0ndj1eOEecxD19CRbncNOdaXz/QpJ/wBcQr7v6+s/6AqGGf/+Xf6S9awXHDr3I2NhJcD2QFHQs3nznbbzmhutp0Su4C2VYzOATQwym6kkMtOJraiQ3PszMQoaZgk6wqR1RDeGIPoKRKE8/+jCP/vinmGUNrVqjqtVwAds0qBkGkuInHAph2SY9PV04loHr2siSQmNTE4Or11Ip1dj/0j7S6QVeeG4XL+x5Bg+RgD9Ab2c3LU2NlMsVROFUyFuVVWKBKKZjUqqVcD0PURCIBSP4glGQVQzLQJIkJEHApypcvn49rfEgjV3dSHoJT9Pp3HQZvnAYqjn2fe3v+Oa/fIe8IdIQC3DZ1du58/VvYN3qVWiagWla1Go1PNelWilQKOYpFTOMnDxGf083n/zIB9mybRuT+15gYWqKvWPTeK6HYxo4joPgerRFkrQGw2DblG0Dx3PxXJemaBTHMkHyIys+TFPDdS1EX4wt17waV5BpaW+mMZXAdW0cx8GxXfbueQ5Xkrn65lu5+frt7HvhOTzBT3ffSiL1jTiSyOzMFHsPHOCpJ3fx4u4nSY9NUHckjbvnKM7BE4Sa2xCOj+BkK+iSg9zUBpUSoUKVlaEUZddhOL+MplVxgUSyDtexSLV00t3VRndPz5OL2fKHf/Odv/m9YrHonGUyeLr3TZQusLzqnJ/uamlslvxV43eff3pXomqc0qijo8cxjBrBcISGlhauXLOKO1evRZ0dx0HF2D+OPb9MzapSPDnDwkIWkxpZVyLrhpjK1Th44iTN3SuQFR8PfvtbPPzggxiGRblSQauWUBSVQimLYVRRAgEKxSz9Kwbw+3309vYgiR6RZCNqIIJRq1EuFrj/e99jdGgEPwJ43in3liAiulArlSgVioT8IQKBIIZlgOdhWTq5SgHHdV6e1UdJBf2Uq0WKtQoeHq7nIEsS7a1drOnroTURIt6Qwh+NEelaSSCRQJs4xKN//Rn+9oEneGx4lIJmoLoSPrNGNCDTt2Y9t9x2K9u2bCIeChAKBEgm47Q2N9Hf18U9b76Pj3zkg7R19ZCZHGboud2MLeU5Ob9ITJAQZAXLtTFch6oIc7USpucheA4BQSQZjSHaVYq6iW7p1PQKlmOhBmO89q3v59hLT3Py5DEOH9qPY+vEwn48x8HQDDZt3cqWjauYHjrGv3/nBwysu4JVKzcQDsUQVD/hlnakSIDlpVmq1QoL84ts9rfTWjFQkylc04WRSVzTRtdN3KqOZ5o4lQJWDWzLojMWZV8lQ81yEUWVRH0zk2Mn0YppZEHhyp3X9aRS9be1trUPP/DAA8fOssDkF47l84S8z7pKu7e3T37VnXduuGbr1luOPLm745nDR8hlCywOHyfkeWy95DKuvuN1pMIhthRy+BfSeA11OGMTuI31mB6YlokZNDCrDun9aSbqRGZdlaLhEI07FPIZggGZHTfexA133IE/EEIQJT7ynvdy5MU9WI6DKst01KcYXD1IXUhAdhx2PfwTtl9/LY3tp9xfycZGSsUig+vWIsgyP3rgAQRBQhAE8EDAO5X4L4Be1pElGUkQ8Ss+cByCagBVVkk1NGPXyizWDDxEosEwrucgSjKi4qOzsx+/z4+p6fjDUZREE4FEgsqRp3jwS1/k3w5Mc2K5gO24TKbTPKrpLFc0rhUDDKAQa22nr3+AFatXnxqyJRFJPpVc71kmRrXC8vgJpl56HqNqcGByirAikjVqBEMR6hpbueq62+nu7CDgg6eefJrhE0eYmxqnXhDxIaJbNoLgIbgOkqxgmTovPf8U/RsvJ9I4y+LcKN/59nd47uknWNnfxeDqtfSvXE8+l2MhU+H6W+9GFkAWJZRQkEiqHkOrMl1Ko5kerU1NqPF6OgwReylLrVDDFwvjNKUwyhWs7CxUyxi2gxD04YRkXMtEFmTaIgm8mAo4jJ/Yj6lrlFyb7v5+BDyK6anwzh3b3wP8x3m+OuCeOSn8f4y9Z5Rk+Xne97v53sqxq6vTdJqZDpN3dzZgd7EBcbEMAAiKIgHSpE0wmqJ95CCYpsUjW7aPDo9siaJpWyRhCSQIgQQIcZF2Z3Oc3cm5e3o658pVt24O/tAQDiFxQdaX+nZPfbj1v8993+f5PT/MTA3Apz/9E5l/9fu//y91Vfxpv9US5f19TFFi88pt5GSO0XSazJn7iVr7TKmDpG2HKFPAf+8yYaqAt7ePs7aNa1t4kYuX0HHMLpnsJMnqEMtXL/DL/9UXmJ87ehAfikPiKCIMIwI/5B/+1v/Af/7TP00iCNAEkdB2WV9Z59KlFoHvMzQxwdx9ZzgsisRxhChEFHIao5U8O6sa6WwBCYlOr40siMjfe0D5oUcU+PiBTwgokoIYx3hRgO/HGGYP27PIpgpMHD1OIpVl5d4Nzpx9lNLgEL5toasumaxMbWODyYlZ3OULPPev/gW/9/p1dvsOkigjCwcW1rbj8Nxbr/L8u2/ywbMP8+yzzzJ/+jR6wkDVNSRFQQCc5h5Rv8P+6ip3b9/C3Nmn6YUcHRikXknjISApCv12DdHusrK0yJGJQ2RUgwfOPMwzz3yCiy+dw49lzhzNoskS7eY+WzvruK7N5spdHnrsaUYPjdOsT/PWK8+xtb3HzvYW333hRQwjxekHPkBlaJILb73M6y9/B1E6MP4HoU8cxbi+hyhIuOYEPzH/AFkxAc1tbNMiqLXQpg7hbe4QqBpuQkWrDuKHFp7lEUYCbqPHj5/5EDeKSa689yb39nZwXAdZ1fj33/wujzz2MMMjo86lazf+0d8CnRH/Yy8HPwzNNTk5KZx78cU/1zX5057ZEnr7u9y7u87mfgtbVFD0JCv3Frh34wp7Wyv86PgE0rVFopVNwvVt/ISKe+kGZr+HFcX4g3lc18eWIyI3ZCmyufDuK0wfPszkxBie3cezejhmF8vsYps9Oq0Or597mSiK0RQdRVFAliiVBzhybJ6hoUGe/sTHSWfS2GaX1TtXEQWBf/Lb/5SXX3uLOI5RBAFN00joCSJiyuUitu1CDEEcERAhAIOahhl45NIZkpqGpmcppDOUUikuX3uX4tAEkWuzuXaPZDLF9KEKmWSSeGCUsmpx6U//NZeFCmp5gMOTU5SKBTzfR/ID5ChE9ANs1+XW8j2+9crLvPfO29imhcTBosO2PbZXNnnv1ddp7rYIg5CtZpPnL13l2sYOnXaTfCLFQxOHOF4qcXdpic21ZS6+d4EY8WDp07GojE4yfHSe6SPHGD8yx/zps0yeOksuV8DxPVZXVxBFkXuL1/GDkGw6hSyCoapISKxvbHJnaZV0Ks3CvTvY7sGmLwgC4jhGEmVSRhIlFpgMZYZ6HqHTRT1zHESV2O5j7zVxFZEwDAlabSIpwK53iAUBR5IJsjLPL9zAcgJGhyfoWybJZJJmo0a5NMTxE0fEsdHR447tvPHehQu1H4aRk/+OsZcomUyJCPF0/L0h+16jyXuLK+QyVRq7XeRijmtmkyOpJB8YHUaWJMTTc0T37sGh47jvnMeVXJyBFLbr49Q6OI5FkErgek0qeYWUYXDu+e/wsY8+hdtv4Vgmdr+DbblYbsDFizdBhMFymWplgtLAMJ3aJku1Hdy9BpN6mkw2x/7mMkQuI9PH6dT30Q0dBAFRFNCEiLbtkh0apZzJMVCscOyoyP7eDhu1HTp9E8F3USSJSiqLZCQwPZcwsglCm3p7h+rIYY7OHiOTTBJEEblchvNXLkOvya/88s+y+JUvUU8d5r/5wm+QSqcQBAiDENu2aNUbbC+v8Mf//W9x+e4C7dCn4bncXVri7vIysfSHDBaLlPN5ctk8AgKub3Pj1k36jkcQBhiKRiLo0rx7la+vLyAHAXXHPngJEiR67TrV0XEsu4/X7aIAXUFkauIoQ4fGMQoFJg6fZGrugYOwrKHz6GOPcvXCGwR+TBiGtGvbNOp79M0WyxtXuLNwHUmUkET5+/MBUZQoDgxxfP40A/ksQ22fMBRBiAl2WgiihLe7h+k6IMgEcoxARNSyCTUdL/AJ0waNbgff9QjtPmuNfcbHD9Nq7KFKAXdvLdLv98SMLD90+vSpTwH/9Ic5Q2X+9p4VERA/8eyzp6IgmHYsi1hKcG/b5Nmf+lluXLqGefVdXn33RTzfZ7nVQtHThDtNvLVVosAl7HURyyXiwgDS7ja27eL4Ihgyvm0RGgZevUtKT3LxnfP8H//7P8PqNelbPfqWheMGBLFAOl/l9CNPcvbsI7g+/OUf/xG56gjHTj+KrCiouohnddnbWmF0cpba+iKb61s888wn0LLDIEjki2XCSMAxTRp7m+QLgxhGguzwFMKdizz+zCfZ317j21//M1RFJpZ1ZufvJ5crsrW2wPK926ys3qHTbTI0OIooSYRWi9Dp8diJo0RXz3HhygYjn/skvU4b1+qRSCYg9PFsGxGf8nCV7NwM5t07KIJISZEJZBk3CHA8i5Utm+WtTQQBBEEiYRhEjo0fhBhGCinwyYcxO7FP3XUYlhXiwCcQBPKGRuya7KzcoWObB1gzScKNYkTb5vbty1iBTzFbQtF0RiaPcuzMA0iyxOzMKVzHx/cCmpVxSp02UwJkr71HvVEjcm0cz2dk/DCTUzNUh0ZIJlKsL17lwoW3yBXHKMcJMkND+K0WVq+LfGgIaaCIvbpFIARI2SSRH+L1+wgZHS8KEWJYuXebYmWIWIjwA5Nur4WqaqzubdJt1dEVePKDjz85Ojr6v21sbPB+Zjn5h2QGf+Cl8LHHHj8BoRj6Ns39PUJiVleWmT0+zre/blLIF7Fcm0KxwD0/pLu1j1GtoEoqkqHgra0Rri7TNwyCXkigBDgJFce2iOII15e4u75GvlCk3TYJg5iQg5PVdjqcfuRJjESBZm2HVC6PGgiISR0lqaBoCp7nkVTSmJ0WpeFprG4Lu99DlCUmZo7wK6fOoCeyRBE02z0yGYPIdfmTL/0F3X6Lem2LQ0eO0Ny8R2dnm4SRoDgyzcz8aRzbwmw1SWo6IgKe79Fq1Wk1a6R0gyD0KGUynK6muf3edS63A8aTafRkhij0sB0H3+5hmiaeFxCFIkakUM1U2Ghsc//4LCIB+906+7aJls6y3+sQiSJRHONZFlOKyl7soUoyShSx6tuEwLikclg3EAURW4hZ8H2kSMBLJw5IrIGH6YMqSgjEdPsdjGQWTRJpNXbZ399kfeUWiXSGXn2X2PXQjSRKKkupMkwileboxCwzR47j9E263Q6FUpmjR2dJGBqvnvsG5178Ln7g00yvM3Hmw0idFlHk4zoO0eIysecTNlqEogDdLqKm4sYRkSvgqxrbYci8ZNCXdMr5DHcXb2F6Htlsie2tLVr1TXK5DIlMflLTNBVw3m9bKP8d84SMjA5nosAj8k3q28u8/dqLPPvJT9PY3qY6Okav06PvdvF29rnR6tJ45MNkNnZJFHKI1+4R9Xs0aj3aqoEb+vTtPn1XwY1jWs02XUXAD3063Q5vvfM2YRAQ+wHEIsVSCUNKsr2xQTqX41//3u8yNDnP/IMf4OmnH+Hs2RPYjo1l2SiKiKrpBEAkmSBYFAspCpURArfPvcU7rC6t8OYrr7OwsEy326NvW8iKwptvvnxASqoOkc1XyCQMXv32V+j3TTKaRujbB94NRaVUHsLudWm26/Qdi4FshnR3kwu7LjfaDrMLy5w8fZJioYAii/QaMX3Lp9Fsc+md86xdvUEBBSkzyLCaZaQyxt7OMh3HxPU9mlJEPXCw44C0mmQ0labi29QtizgWOHZohtrmMqpqkAxFUrFCRpYoZ1KI+QqnHjnLxW9/jjnVPgAAIABJREFUDSWT4bXVVUJFpd6tYWgGhqqy39whjg+2na29TZp7InIUklF1etY+dn2P1eXbSIKAIau4UYgfxyTTOR7+4McQFI1z3/kaL7703QOfB9DxQ1YCm6C9Qxwr0O/jdi2khEgYeYRqAkWIibpdomSSMIpZ6e2zZIZ0izmOjk+zv3kXTZDwBQHPNcmmKkRhiGNbaMlg5LOf/dnHf+d3/qdzcRxH7wc8/6FjkP/wuXL16j+fGCn8ptnYJhRUFhZ3mRg/xB/8499FOXSY5VtXqYyO02s2aS9f40Q+x1PpUbKqCmsrWN0um6ZHp9/Hyci0ogDfjuipEmboccFqsNzvHLxBRxGSJKMrKpqskjSSZLMZjp46S9LQuXTpHeqtNqfmT/Jrv/krTB+dwNA1BOLv//xYEAkj2N/dx7QclhcXee5rf8bW5gb1Zodms4UkqRiqTrvfw/VcYkFAFAQSqo6hqCQSKdKpFGEYECLihT62Y2PIEh98/MNcv3GVrZ0Nmp02v/SRh3hAdnjDzjPxsc+QTKZo1zYgNDlzep7zr54jVHI0mm1uXb9B1DMpdgL6ls2JsXladpeh/CB3Nm9T69YZM3LIooQmqnTNJo4Y4sUOW5ZJqCeZKI3Qa+xi+DG5GByvz0wmBQOjHH7oIRrfeYFyRkSuZDh3Y4k4o3Kra5HNFNgPRdZauziBDwhIAiTUBAkj9X2cryYpOGEAgoChauz3WnStHpIkUyoNkssXUURQjALlgQKjhw5h9U2EeoP9qzcZypegb5IoDtKzO3QaDWyzQxCFBHFI23fYj1z2HAsjmWZyYpZ0IsHSrYtEYUwQx2i6zulTp/jF//IXGZ88RL48TBiL35mcmviE67rRD4tgRe83BgEYGBhgZGRkLopMYiCVK3P6bAXH8nAUEXtnnZ2ddQTPY/3uHSRD5LmtdQbvyzHdCAh6FmYc0fBsWlJMq9PHk0VMIabm27QJGJ4YZ746yIXLN8hWKtQbNULHIVMooRoJotDlzsI1gjCm1+3y4IkzFIYnaPcs6o0W+YyOjE8c+XiORyioCLLO26+8zJe++EWWNzYYHhqlUqkyMDiOY9vcW1nG7PXQVJXxqcNMzxxHVQwOHZoik04RhT6yIOAGLo1Gk62tbcIYep0W71w8T7OxRz6dRRIlzgzn2VlpcH35Hv/+f/lHFEtlojBkdnaOq2++QiDqyMkOjuMShpDOZhk5cZjVc6+haTrZpMJAdRS9UOTWzfOInoseCfRdE1FRKWsJrnTWsRCZQsGr75MXdZzIpB75OHHIWgBzWob2S28TOSHbvo8jwdHJWYyCSn3pHm3X49Gjp5hgjOdeOkd4INRxPJem2SaKY1RVQ5FlUkaGWIgx7YBYFFEkCcex2Ni4x8b6EjlF5cGBIRqbMneunMfsmaiiihaHdCIfk4ja1ZuIYUQvDNCTGQxZQdENNvYb2O6BcpCDANtzURSFnu+TzZUx4oBspoAYeiSTWTKFCr7vEIY8euLEqdx7751v/k0yWf678HgTiYScTKVKVtskVRwFQSIMIzZX1qjdW2Jg/jQzZx6ntrPBcLmC2W6wYzv832+/yLPDUwyGErVuE1OK6IchO4JPw7XxgfzEYZLJNEuLVxno9xGRMPQ0P/lTn+LOtYsEXp9EvszM7Ayakabd7bGzukDW0AjDkOuvvMFh7WN4lxawzQZ+4OJUyjjlMrVmh/Nvv0k6m2I0rLK1vcHK8l0MPUEmV6BaqbLuuExMHeVnP/8b1OptwghUWSaOQtxYxo8jECW0JAxVVfq9Nm6rRlbTiYwkMjGTQ8MYdo+tepOO6+P5AVvb21QPjTPzwKMsX32H+dNP4AUhMfDmuW9w8fZ1Zk8/wAM/8Uk6b9/m0KFJhh+YoVjvUkjn2etvcvP1l5lM51Gzg+y0d9H8iNLkFCtLi0wMjLDW2MdzXVRRJiPpKFqJpDGA7ut0ei6almAwNYyaNlDzCX5svkDT98kqER+ZPYv1zrtcsU18IFBUQkHEDwMUTUeSZOqdGrpmYDs2mqohSzJGIokia8ShTzqMaPRNWlFAM4xIZ4qkZBUhjrFDl0a3iYdAOlNgOpGi51p4kowZeMSCSDpTIqHJ9Mw+WjKNnEwxMjlLFMVMjI+zs7qMpyYwO03szj56poQsC6udTst7n3e+SP7bpAYgHigkIVCMFJKsYffadDs2X/wX/w8/9ou/ip4tsrS5Rb/X4NL1NUqazvzACFG3w5X9TYIwQo/B831qYYAXRSSNJKee+BhBKkNMjBkGXLv0OpqsIjdSrK8ucePGRcrFNIXRcda3dlm49k2OHpkiJUlUxyc4Uh5j7s5dMpcWYL+F326THqjQu3GXfmqFm+4unuOhSiKB55E0DBRVZ2b+JNXRCXLZPA8+qpDL57nw2mtoqSyl4UMHSkw4kBhmt0u9tsf22jLVQhFRk5k7cT/JTAY/itiv1agYQPMSrqjy7N/7e4iGwfbONp4fIKMgJXIEMbhWl3fffIlrVy8QRxFf+fK/JZtIM5Ue4MkHfpLKyTEC26I7VEN/26FZGEJNF9ht12naJqcmjmH2W9xUFDI+hKkcd7xtvMAjlyzSjXwsRBxDRRueQFMTKMk0CT2NuNdGT5SYfvwhgn6P/cUlnpx/isP1DSyvy74X8G6/gZIvIqsa9cYuvufi+S6yrBJEIe73kj+pcoE48GmZbfbtLnEQIssycb91UFIU+Kh6ElGS0RNpQlmlpygEUgKrf+BwFCUZSdE5NDXB8ZOPcPX8Odbv3KM6foTKwCArC9eJYqiWc7z9wncZnfg8sh50P/+rv/5ji4uL1vuMmX/o2O4HTm1BFD1JkghDH1nTWVm6yX1PfJhjh6e5V2vy2COnWLn+Dl4UMXDkOGOjE7i7u6xePU/P7aONTpHJ5MgZSUQ8Tp99mLHpo/yvv/MFPNPCC338KCaOQox0jldefg5VErEdmd21Vcr5LIMDBV584TlyqTQfTSaZSQ+SafUQ2n2iW4sIhSxBrYXUs0hWB3gQmX4gcKVn0+/1cT2fz//Gb3GoWuXq9Zs4XZNmb48bFy9Sb9TI5EscV1RK5QFEAUyzx8rdOywu3OADH3gKyTAYnzxMHIYEvk/o2hjJNIK9jx8J6JqOKKvoeopUKo9rW7QbTQYqo0yMDfFXX/kuN65dJAx8joxPkVIVmp0OS/0m6/V1ch2dRKrAxBOnMTIKjc1NMrlBUqpBOpmm3dpHDj3Ojp2g33eYSZY5PTDDutdla3+TZrdBpBuMnTjFvcsXDuyqmSw9q0eiMICSSOA7MU7bIVYKlCfzKNkhjEyKUJFJXHqFWq/BXqeFGIR0tQSeJNN3LcLAP4hgyTKKJNHptnA8j0wmg9lu4bguIQJCFCEqClEUomkaQRSiSTK266ApMna/ix/FBK6NhMCN61fZWDrA9RYzBe4uXGXxziU8x+GhRz5EMoCKo2DXGhjJVGLm6Mzg8y88v/p+aXD5h5zM3z+5BVCJ/BTEyLKM7fRpNZooaoKv/PG/4crKAg8//SS/8Pmf4+EnPoxupFi8tciFOzdRD88h7W6xZZrUVu/y8Z/4LFOTk/zJH/xzOu06oe+jGGksx0YQBIIopFwd5vDsce4tXKG+vUy0ucjqkk0+WyBppEgI8ICsUdzaR1AU3L5DEAr4hTzm6hZh7BLs7BOFAYcNiTcaXdrdLppq8O2//CpHJiaxLId+p8N2s06rvkscx5j9HuWREUqFArbj0NjZ4d7CNY6d+QCma5NPqLT3N8jmskxNjSMKIn3bQek3cF5ZJI4C7Pounb6FF0SoqRSx7yN6Efb+Lit3F3A9FwQoVAqIcoL77nuMXL7Mnb7LvKYR06e/uUbu0CATD51i56WLyN0+5UqFptnFEaHXaSIpGrnhUdKKxqmBCjtWm8vvvYkqKsSmw+wDj7K+tkQncNAkmWQ6z/76ArbrkakM0u03aDR2cKw+kqQh6yL3HTnD3ZVr3D90jHpnlxYOdd+m7djU7C5aIokgSKhRjOvaqLKCGMYUS4MEroMbhuiqjhv4RAJExCSMFIoqo7Q7hPU2WhijiAJ9QJVkEEWkRApBUekGHqlsEUM3iHyHvtllHYu3l1YZf/pR0tWyfGx+7ingrfdDgUl/A+P5PyH0f+QjHx38sR//kd+Oo1AVJQmrU8M0HUrlLH/0B/+SjtnkwnvneeiR+ykUK7RaXRQjyfk3XmZrZx0pkQIihsdnWLl9jcXbN3jw0ad59a0XqYyM8+jTP0o6V0aSRGZmzzAyOkk2l+f4mQe5eeMSZq/DmRMnMLQkh8anOHXsLE8msqjvXiWQBJwrS4RJFWerhlzO0V3bwiLEbrYQ0irFVIGtyEOSVYgCfAQc/+BJI6kKkiwzNnmUyvAoexvL/NRn/z676+v0Gzs88uRTOI7PhTdfYGXxFhfeepXzr77AtXffZOHqRS6df42b1y8zl0+hFIao13bpxLC4cIPZuXn2t1YwzTp//o2v0TJNzH4XAZHK5HEeeeIZVC2B4weEgshes0cxbNK+1kFLlrD3dti6fgu1kCfWE3TqW3R8m17oIURQc7oM5gcoVyqMjY9Tzg3Ra7dJFqvo6TyTJ05SGRrG7LZQJRVFTWJkCmjZNIl8HjmRhlBEiEJkQWDyvlOMzB8ho5SQvBAjghICSr9PNZ3F9hwMWUYTFPw4RFJ1IkAJY0pagpKRpqhoB+VHso6i6ciihBiGZKOYbBQzkswxXaqQEmUysoYhwm67TqfXRpRkVFUniCICz6PdqlPf22WtWWdkaoyZI1O8e/nGH77y6is33yfn+jemvn9gR/7Y448nP/e5z509dmz+5wVRJHAtgjCi3+2TTEgIqs7CwgLZXIH5k8cYHSzxV3/x54wfnaNQHSZfHmTu2En2NtZJ5/NUq4fobK6hWg5jhSr7u5tcvvI262sLdBu7tHbX2N9Zw7G6rC3dZuneAn3HRU2XKFYnSUkyPzI6zZCeQMhmcbb3kE7OYjW7RJ0+/XodW1NxdY0gjIlUDdnzKZ+aJlUsMDh1HCOI6PS63F66gRRDMpfHMAxGh6o0N1bptet89vM/xyNPfxBDFbly4SKOGxD3OhiiSExEvdWgVW+ws79Pq9Pl7NQQXqvNfqvFq5cvYvVaHBmfZiZdZlLWKB6aQtBU1taWiYEjR45w/5mTlEsFREJ215f4q2/8KVYz4oGHTyOKEtZWHbfTR0mlUQUJPW+QzGWZP3MS2Y7xbZfq0FFyw5OIso7dNem160ixSOi4ZCp5JEXAKOgks0NkhiqkqwMkigdJFtGHVLGA3zdRJIXBk1NkRouEbYdevUa3uUPT7JKIFQ7PnWC9s4NkeVSSOVRRRBYkMpLKkJJkLj1IQpRJhBG6H2FICmIckkJCj2I0QSYlaVS1FFokMpgqUBFV8lryII8oxAiygiHLSGGILIiUs3mUyKVu9pgaqHL6gZOMjE7YX/ryl/8yiqK/0d4svQ9vVwTio0dnEq++/tq7szNHfl0UEcPAJYoF3L6J2dyltrvD8RMzGLlD7GxvMjI6xP0PnOTQ9FFef/kVbl2/zGB1GC2KWVtf5taNd5GDgK2dddLFEkEYsLq3cbDTD/yD7yjEsfrs7G6ztbtNGIU8/uTHePIjn8J1A2Tb5kkrRG63IJkg3K5h3VzC36vDyaM4qozTM/FsE7vTxY0tQgUCAYLqBJ7j8O67r7PfatDrdyiUCsSxiKgZRLHExOxJ6rU98qU8o2OjbG9s8vWv/jkIMbEkIYgQIlIZGKVUHaM0OIzZbVBMGAwkDFwvZHqoyo/NPsBDks6caTHmCky7ESOCTMd1MEOHhcU7vPDdb/LyC9/i1Ze+y61bVzF7XXYbu3z8R59E12D34jJaMkNCVpFSKlPPnGXk1ASqGhHUIjJ6nkK+jKYbJMpZUqUSxZERFEMnU82THswjoSBHKunJIslykmQ1RXI8i543SI8VyAwW0BWFwO5gpLOU58ZIjGaQIpnYDMkXhhCTOp7pMF8cx8Zmt9MipWhkJYkEEiOpIrIgsd/cRXADErHMocIIeuijOC45UaGayDGQHgBEzHqNdCIDepYojCknS0xIGkIUMp2tkJMPnIkJI4HrWhDE/MyPfoqR6Qrp/OCxiemZrZdeOnflezf1f0JOEv4GkLkAxHEchZ/85CfnisXCgxDjOxairCJKEk6/h9V3GRgeYG1xkeeff56RQ4c4eWKGbrvF+laNMPAYn55hdXER3zTptRpItkVZ0fA8lwiBZrtOaaDKxJHjNJt14ihE+15rat/qE4QBW5uruGYbfIv/7PBxSkGAWChh31kgWN8hOjKFG0bYnQ5Or4Pj2ThKTCBIeDH4xIR9i0amyFptH9N1cDwH33NQVQnT7FEdnaTdbrC+vsLO9jqOY7N45Tpvvn6JiSNzKHoOI5Gh1apxeHKO+cPzjExOEUQu21tr7Lc6PDxRRYpEzlaPcnxgkPR+E8EKiFwfaWmD7GabY9kCi3GL7V4XWRTx/ICcrjGSTTKeS+M4LqZj8eCDZ4haIWLfJfIs2uvrLF+6TWnsKJqex6q1KQ/PgCSTMGRKM1Wyh4sIcUgylyeRTyErImrBQC2lDyYRhoKoHFhO5aSKXkqi5XVy0xUyI0Pk5kZQkwpaPkVhfAQxkOhsbBA5PXzbojJ+ArPXJK1l0RWZzWaNqfIYipxGEiBrFKiWRhmpTDA6MktWT9Ko7TIxOEWj10RJpJANDbO2xWC2hGwYjI3MogoGg6UqQ6k8xVwRSdVIaSq+AOl8mU9+9GM89OyTpDJJAkETJqeOfmh8YvLqiy++sBTH8Q/A0KX3KQEXgPhTP/GZ6k/9zM99QZapEEcH4xZZRU+kKQyOUqpWca02qqaxs9Pk2Jn7mZgYxXNtUtkib7z4Cvc99AEuvvoKe9urzFTHOPPQ45SnZjk0M0/LddjcXmNoeJy54/czf+oRJmZOkUrn6Hda9G0TBIEg8IlsC7odnpm7H61nEqxvIyxtY6UN+u5B3Cjompi1Jp4iImZzuFYPz3XxkxJRKNHN5xk6foKxyWmIQza31nBdF8NIUttep7a7Qa/bRJI1xEjBE1LIssqd61fodNr0zS6bW8u02zVuL1xhZXWRS1feo2N2sYOY+ybneOr0Y5R6NnoyR7xdQ1RU3FoLp9Wg6/gEuRTT5WG2XBPEEMvzKWgaqiiw1zXpeiG+GzM3d4Ly2Bj9jRqpch4MGTc2ufCtF+hvNREFndCLUI0UqiihJWSMoRR6QUZOG2ilJJEXEFohSk5DyWloBR1Rkwi9CK/nI+oyds3Cqpn4fR9jIIWoi8RhRCzEpCsDhHs2drOBpiVJlAr0vA5rm/dIWC5+GFKtTjE8dYJiskAmWaCUrzJYnWRgeIyEkqRSHqNtNylWJjgyeJiMkCCZLZFMGaQzRWRJO7AlKCqpgRHClMTK3goJVSeKAp7+zKeYPmJQGB5D1TTcQCSIYmVudv4jYRR+67333t3767JDep+qCeGhRx5J/+EXv/TVMAgf9FwPWY4JXIvQdwiCg+G7rCg4ZpdsaYBP/8xnuf/s/QeXESS8nksUCdy9fo1jZ+YZHRrh6U//FMVylbXVFd586duY3TaVoQk2Vu9w8/oFmo06Q9URZmdPkkznuLtwgziOUEQZz3PpmCaPTs5QiGKC2MXRVYLBApHdI3B9emafqJjF9X3MXoN+GBDEHKxbBRGxmCUxnOPrf/pH3L5zDUmWyKRzJBIpJElB13Qee+rDPPHkExQHhsnmijRaTZwwQDUMUrkiR+ZOMTx5mCtX36Vt9hAlBUmUmBmb4Nce/wQZOYFoBcimRdRsEi6u43s9go6PrUkEUYBs2UzJaZbCPnXLoud51PoWXc9HkWXCIKRvCriOxeEPniVRzpObmyAxOkHx9CmUVIrA9EiXqwyPjpEspBFTCbSMjrtvoyR1pIQCgkAYRPhdF1GXCFyP/m6PSIixWw7mnsn+nW16Gx20bAq9rB+0CSRTREFAGPlEqsjuvTUc22J7+RZWGHGsNIkRwpHqNLEfUMoVyabS5PMFMuUSECMbKq4Uo2gJRoaPYogSgqSgFwtkUjm0ZI5Dh49RPTlHsZRHiKHTadLob9Hv7RDHIXq6wINPPUgmn0ZWNWRVw48kwihGEITE/fefPfPSS+e+0mjUg/8YBfbXCUkUikXpuy+++nuGnvhkt2MSBAG6JhAFDrGgYnWbB+U6qkGvsUOheghRiPA9F9/zIAIx8nntldeZmB7m87/5q2ysbUIsc/vSZe7cvE3dtbF6TZxeD1EQyZerTB+dQQwDdlaXuXrlPJoik0ylKBTyJDN50tki40aakVSBsGHi+yFeo4td62DaLp4YYVs2duBhBxFRBF4Q4CsSpu9wp77NN147h2mbyLJ6sDDwPVRZZbg6yhf+53/ML//aL3D6zDFGhsq88dILCLJEsVhkoFyhPDBAOp2ktrXMxsYqiqQwf3SOyHH5+Sd+hBkjB20T7m7g3lomqHXwRgZxHR9T14mSGmG/h7XbAsVgdnScumDRsi1S6YOuwkK2wMT0cQrlAm+9/Trf+u43mTg2w8TcLOlKmeJIlcL4GFKQRLJEMsUyRi5F4Ic4dZvQBbdr01napX5rhdb6Ou2FJfy2S+iKiFmdiAjX9qit1mjtNBEQSFZyZIYyuH0Tz7Rwun2iIEQyVEbvO0WhOkpxbISjI9P079yiMDBKsjrBwGCJRCJH+dA4gd0nkcmjlNJ0/DaeLDI8NkEsiSQGshj5NLlyicG5CVLVMoXJIULJZ31jha3GBgt793DNPXQ5JPRd5Cjk8Jn7KQ0P4bt9iMENJeL4gAkjS9LIIx94nK9/7asv+74f/fUT+vsWUlEUha9+7Ru/dPjw0S90Oz3BdV00VSaRUAlDvpeqjtjfuEev3UESQ/bXN1B1ldq965x//hx3Ll9m5vQ8O5vrFKsDnDx9hsWbt/i//s/fpdnss7J9j25zh5yqMztUoSsqPPnMp3jv7ZcIHZeu2cGy+tTbdbr9Lr1uh/FDUxw/eT+zw0NkbIdIFLH6PfxGG0cWcAKPUBRxbQtLjPCFCE+OCAwFx3YxdZW1jER19DCl4iCqZpAtljl26kFOnLyfX/sHv8j87BRh4OOabWQRXnnlVa5cOE9vd4PlxVss3r3F+vIiaytLyJKEpsh4tsXUQIkfr06Qz5fwby3inL9NNFii22vhtrs43S6e6+H7DjYCkSoRBjFS5KMqMjtBn912myAM6Ns99vY2WVm6Q6vXwQ9D9ne2mZ2fIZXKYPVDIl9EUQxwIPZ9zNUdopZNZ2MFc7dOZPs47S61Owu095qolSGMYhkjn8Cp9ejudOi3HZqb+2QHi5QmKxgDSURVQBAFEBQkWUUIZeLgwNuh6xnyY1WaK9skKkOUZ0+QGh4gmR9EjiVkPYFeLIKqoqZ1ZFlHlkUC10VJqmiGhqZqJDMZEjmd3GiZbqvF5soqoShjZAskkmli98C9mFVFZE3mnTe/Q317jckjsyAqBIJ6UJGBgCIrZLLZ+xRF+eZbb725/x9u6B9o4/yF/+Lzxz7/K7/6J2bX1G3nQF6EYUgqqeBZB4wPx/KwOx1uvH0JJZ3n8KkzBOYuO/euY/dtbrzxOpOn72dubpzywBADwyOIRNx87zrNbpdmY4vhkQkefOIZHD3FxOFZnG6D1r1Fzj78BMMTR5FEAS+K6ffaqIJEbX+bhTvX8Zwes3KBMKlib+7ieC79VgvL9wlFmT4QKMKBg07goPMjpXK+u0M9DlheuUO7Vac8NMrw2GGq5UF0WWJjfZXFW4tMTR06IPm7LvnBcR7+4BM89czH+Mxnf5rP/cLP8/c/91lKpQHeeuNV+rYNwGhplI+fvB938S7y+DhOr4vlufhJmTCIsZwejuPh9iwo53DtLnEySeSFpFNZOoUMdhgShiFRGFHJlzg6PEKlUiUII45MjvPoA6dwm20auwEJTUeVJfR8CkFXaC5vgKbgBwdNtK7l0N5aOwj0VkbREwlUXSczUUFNqUiiTBRGWFaPRKWApIk4pkl6IEsY+sQCOB0b1/SJggjf8nA8C0U2SI8Nk58/QnIwT3K4RHa8QnKsjF7OouaSiKpEJIboSYNsIUu6lEXTFBKZJJlyFtc18Syb0AvwXIv15S0kUSGRSCB4HTbXbhLGEZ4fEyfSbDda7NY6HJudJD90iDA+CDnHcYxw0AupzMzMDX71q3/27xzH+b7kEIDo1Okzxpf/3V/8hee4k5Zl4wc+URQRBCEJQ0aIXPRUAT2ZJVkoUahWGZ6cRBLB7nVw+i2MTBHbsilPzVGpVhienEaUZDK5LCtLC+zubBHKKr/0D/9Hjp44xu7dBZzWDpcvvI2mJYlti8bqMvV2k8eeeoaCpJGLQ6qDQ4RhzH67ydBQFWF1E7fdoul4dEOfFhFSKkmv16MVOnSEA6KpLcBu6HOlvYvvupiOgyzLTEwd4+mPPsPC5Td4841zBNFB+vvUmVO4/Q6hqDJ1ZJojR8YZHRkkn0+jKRKBYzEyXOWd11+n2epgGBmeOnKM8Xqf0Akx1zZx13eJeiYeNl7Hpu44uLpEXE7g7XfwAxFlsopnO8Suw6nTs/z4T36csZFR8tkihfIgoSByaHKaT370gzxzbJCUWefm+Sv8f899k5HkGGHdor/ZwW27+FqELfsIsoqqJfCtLiEyuZEpRE2lvrWOYaQRI/AaXULHIw5BlHxU2SA/VCKRNxBDCEMPLZEkjEJEVUXQZNR8AslQ0HNJRFVEUiWQBJSUBpKIIIsoSRVBAiWhkEin0JMGRiaJqqsksim0hI6sySRLWXZ3dthf2cHp28RRTD6To9Xaoru/yH59l7btEwoyASK1dp3RsQlOP3iGbKlMOpsl9D2i6IDgpKoaiqZNh2HwrXfeeXvr+/ZRVVXF3/+D//eXBTjrOi5RGML3DOCCKOL5EZogIqs6oigiSRGV0SGiwMPt7OCZ+6RLIzTmfbtxAAAgAElEQVRvXiKdK1IerFKsVok8Ey9wsbo9PvrsM3zja19nfHqW7dW7yKPDTIxXceNhxk+cppQbQPKh0WzSjQMcz6UwPEbl0BhSukj43pts37vJm0uXmQySDHY9PE0hjENs32V7c5la6FLHpUeAnkzgmg57wYFM8nyfGBiqDrOycJXXFJicnubX/9t/wNz8LHEUceWdN3jx3Et85mc+R6/VwDElRCKiwMMyLfq9Pu1mB4EYL/AIQh+528NJ6Mi5DM7uJqIQEY4O4LQ6BIpNbEUEQUyYzBLni9Bv0d/ZJnB9AkLai+uMHxvj6alhPnRkhFBW0VIpYs/Ba+5gbreIMgXe2lxnaecOz732b7k/O4kSaKSSOYzBAWQJHLuD57hochLRbdNv7EIcktF0WmtLbCzdIFPIEQUhsSCTKpYI3C7dwGfowRkiySOh5JBVBTIHvvQwiPHdACGW6Hes7z3HBURFIorjgwVNBIHtgxchCgJCdAB1lGUZq9FFECVCfIIoxnNtuh2Lsfvm2Lu3QbU8ALKA5u4jSxGnjs+yuLLOTtsisruIWoYnP/gAsqrheSGi6pHNpWm2+kRxRBSFyJIkf+pTn/ml3//937v0ffvoRz/+zNCJU6f+u77Zxw9CYuLvaxVZgDgWEBXtQJCLApKsEgTewQWNPKmBBJ29FYgcPvK5nyeVNnD7nYPJSCRi9fr0Wg2GK4M4ZpdObYe379zA9QIkI0E+lUGMRYbGJxmsDlC7cpHR8TF2Zbh+6QKBs8Tiym1c1+a1pSWu6CplUeUQeRQvoqkI5M4exwpDlq+eJxJUTKtLEEVMTc6T7HdpNXYJgP3aPpKscu3KRZKGwDe+/EXWH3iY2zeu89xzf4WsGXz4mU8QuBpEPpHvELgWTt+m2+nR7boYhkYQ+mQyKe706pwdmaB79SbCXgdxMIfbbhHaDqEf0o4CxEhGrbUJZRA1Edf2QBIwBZFcMUNXkFFFGUWUiV0Xx24ROn3sTgdZM/jyi+9w7vJtstk8F+/eRM47zBbGkHyXbmeLVCIDnkvsuyj5QbJDVZSsRtQNUBAQNAN/Z5VGrYnnmliuTbwUYCCRK1UoHBlHSET0/QZGJoOeThIFPpEUgBAjSCJa0kCUpe9FZAVECYK+R+QHaAmVUIvwTAfP9EgUkiAKqOkErmMjawaaIqMHSfRcnkQqQSqdxemaRMRkig/RqpS4dfUNdlp9mmafwXSChx84S2awTBC5WJ1dsrkUtu0d/JkkiTg6wLhVq0PPnjxxKicBpNMZ8Y//zZd+u1AofMixbYIgIIpiRFFAlkVURSad1hC/N7aWFeWg6MZziaMAgfAAIRUIaIk0qp5CTWQQFZ1YOGCdCbHA8juvMVpI8l//s99lcnyEkbEx7ly8SN/ssrZ8i/X1e7z03F/y3gvfIjtUZXRsjPHJKWpra1y/cp78wCCJVBbHsVH1FF3bYtPtsRr0Kcwd40M/+mkajRp37y0QCwJeEBBEB8T5w8fuo9vYQwwC1ESGVCrD/KkHsFyf7Z19bl67xObGPTzfIxJkThybJ3BM9rY32FxbZuHWTW7cuMmlKze4cfsuPdPF0HQMIcLQFYaaPrFpwvAgnq4RNjpEGriRj5vQiFUZr9cnJsDXRXxFxg5cLMfnHjY39/fYabZp2x6iquEFEU4Us7C2wReff4m3FjfJFQcOADeKTkYzGJWSDFSGScgyqiQha2lEVSdTHUIIPEQnQJYVJCNBY3uFTDqLTIDgOFSHplEFkWR+gNLIIfR0FjQBJZkiDmOiMD5oVQ0iolgg9ENiL0IQRAInIIog9EMiPyLoefz/dL13lFzneeb5+26sW7m6uqtzo9ENoBEaiSQIEAQoEqRIiqRMiiJlyYq2ZEkOsmed1p5x2N1zvNGaPcf2OMyMdzSjLEuWFSlGkUQkQGQ0QqPROVVX6Mp1890/qolA0VWnTsVb1VX93Pe+4fmeR9FUfEAOq8i6ik9AELSYbYquYRarmHUHSVWREPhrWisgCHyBCEALGUhC4/rEZcKGQcIw8AyJvo0jxOMRND1ELBFH1XQ8r5VySJKEpCgISY5GIuFXFIAnnnqqfcvWbZ8xG018z2/pAAvRerEs0DQZRVVwTAvfMpFlmUZpEVmLAGItPQFJNZi5cJzv/9X/TrKzh72/9BE273+IQECtsYpkFhnavIFIWCMUktm2exvNytMUZhY4/tJLHJ+5TjiSZGZ+Cufozzlz9DVCoTBO0+TeAw9wbWKcUr7I3gefZPvWXbz9sx+wuDhDtL2bT/7W7xOPJ5iYXSIUaX3p7nQX1coqI8ObmTh/DKteZcOWu+joyJDLr1Atl9h13yEc16WwsohwqqTbVihXq3z7m9+kXq/h2jaNRgMhBLFwmEgkjGEkKBbnsBtNAk1n2ikykY6xPhkjKObxylVUIaOm26mH6jjlAnbdwVVlLMknWK3iSwLTt7BDIU5OXGPyYoWQHmbL1l2E/SaFlSyqEaG8WsAUKp7nUKuVMS0LXQtRiqSR2zow2jOEU0nC67pZvTaPbdYZHz+HZ1v0Z/rwbQvTqjFx/RI9XQNImoauh4n1dVNzq5SWZsF1MDJdRKQE5XwZs94k3BYnnmyjki9TWSqiGRE0XUGN6uiRECKs4Ds+CKjmqzRNCz0RQXIEBALf93HqFgE+ge2xOHYdp1HH6OhATcXRQyGMcIhqNo+vquiyxOLMNOevHMUIJymXljB9m4Tjks500tHTSbNaQsgaEBAJh6jWrdY0xfcRCqRSqf0ywF//7d99tre3/1mr2cS2XYLAR9Bq4WiagqpKuI6FHgqh6SFss07gB8iyQEitN/RcD8/1aJSXWSzWWFjIUpiZJHflMgjo2TRMW/8QRqKdZFcv7V3dKLJADhw6Btcz3NXPaqFKPJVCUTR621OoiiAWjfBbf/zv+c0vfZ7jrx+mvW89mqygBRLFuRl6Bzeze9+DdK4forZa4MzPX2BlYQa7UUPBZ8PINhqLM8wvL7Bt1/088ezH+PG/fINcbgk7EGzaOsquXTvZtn07qhbGdgSaoqBKglgojON4ZNrS9HR105ZqIx5vo1KuMr2wTHvXAB2dvXilItlKlqZtEi40sKwGtqZhmiaVapmiY1FWoOo0cRSBqagsNsosOU3G60WW8bn/oSd59mOf5Z4997K0ssrdD36QTPc6VuamCVyfQJJJp7vA92mLRZAkhS4pjCRBdmGS6+dOMTl+honr51henkH2wW7WKVcrNE2brvXbiHT3s7Q0h6wbRNIZXKvJ/OIMHekewh3tLGenqZabCF9Qni9SmF6hvJBDFhrVXBkhJJAlAgmquVUadZOZy9eorFZoWjar+VWsUp3qUg6z6eA4Ls26iRrRkRMxlKTOlVNnsFZrBLZHtC1KtVDG9XwqlRpGKIxtmxw9f4JENI7kuKjxNLsfuJ+wJuM3HRSjxbnx/FvzbVlWkBWF4aHhnNzX16f95f/xf/8/+G5/a72b1wK0WGteKxKyLAgCn3A4CrSESCLxNFo4ihABvlPH83x8X0JIcO/jz5HuHeDs26dACDbs3t/6AR2TVE8PIcPAs6o4lo0eiRGLGazbNcr2PbvRQxof+8wn0c06xUqZQ098kA8+8xSRiM7o6FbGLlyhu3eARqXExPQkxdwimc4Mo/fu4dSrP+PIiz+kLd3N4KYd6JLM0uwNKs06H/rUl0hlesjlclieS+fABka234WmhpidmmZ+agJd09j3voeoNmzqVoARzSCJMBcvX2RpLstytkwxm2dmfpa2ZDvdXX24fsDc3BTzxTzjlTxXvCpzfp0iHrZrUzIbrLomq3aTimvTtB2yvsWYVWLCrlLyXRJt7Tz+S8/T29NLEMgtwlOtysUzJ5ibnSAIWn7g9WoZ3fOJSCpxSSFbmOPN8VOcnDrP7PIMk+UV9mw+wJZt9xKOtaOoEUKRJOF4G4GuYXT3Uq1U8DwfKRLFdwOq9TqB5yLHEljCRxc6bsOnY0N/y6S0VifR0Y4UUnFsG7tuUV4sYlctSnMFlLUC1rddvKZH4AXIRhg9olJeKZDobEcAlUIR4cn09A4QknRi7W0omoJteUhCQg7Aalhk0r3svvt+UokY5WqRwV13sWnHFlRV4NerSKqMF0g0TLu1gwlpDdAqsiKtKg8eenhAUdS7bLOB5/kQ+Dc7eVKLooTntYqAlkZECQIf34+scTvCaDEdy5qhXs4TTnbT1tnL3ke6GRzZguvBwPAwQkAkaiB8C6eexTVruK6GCGSa9SpOfpX6mcN8+KPPIqsa63ue56P656kUsyiSjxCCweFBDu7bzg+/+wMWCzUKlTyhaJzvvfDPxAf6UCNJnv6Vz5Ps7GZh+jov/uRtXNdl3ZYddHdmGD9zjIXsMlFDwxcO9ew099+1g7oLczPTTF2/xvL8NMMbNzA0eICIrvH2kTeoD6wj1taHrobIzk2jmja5xTnemrkOmo6qGQShMIHvknUdFn0PUWvc7IdGVR3Tc/F8DwUIeSoeYKg6mmHQaFSZuDFJJJpgtVyh0WjQrNYp5paoOQ4yEpFwnPaOHoaGt9LdlWH+5z8mV8nR357hxPIcK75FgjCNSo6qpBJOt2N5HuVqEc2IEURUpqfepqnahI04brWIVVrFRUC0jfzcAkosgtaTIDB8Zi6O4TsOIpxgaX6OemmVdKYLXIFsqPgNh1AkhOO6a0I6Lno8ihxWCbwAu16htJTDd1wCx8E1fXTDQOgKoZCGU61QXS3iSQIpkMD3iUWjlF0by2pw/sJx2tJJPOFTLRcIhzO0bRhBkmUsy8F26ziOjaYZLWeVlrBsWPnwc8/fiyDk+wHBmjr7O/+JAPD9ViEgqyqeY9Os5vGaqyBktFCEAIl6qcjK1CXOnb5ILJlE0XQ6+taT7uyhtDJPYWmGWDJJ4DngNQlcC9ds6QF7PqQyGco3rrNw5DWWJq6x4/mPk1q3Dru2yvW33+S7X/0mv/aHf4gRDvPIk48zNbPA8osv0dXTSybTRazzIfymQ2llhcLMFNde+D4Ns07Dbq0qLuRWWJqZ48rYZSqVMjsOPMLFs0dxzDp3bd1JZ3ua66/9hDoymqExffUsid4RwpE4V958gyc/8klW8yscf/GnRNu7MNKdiNUsge8RuC4b796D49gU5qdw6zUqtRKO52CvHRVLjrUmqC7QNYP+wW2EozECCSauX6BhNpmZniSRaicRj2GoGo5UJxQK4wce/X3DqDgIc5XhofV0dXeRCT/HtTdfJimpFCtFph2PkVgnK7U8y/UcsWYGTTUw7RpWbZ7qQg1FCVitFQkpIWxXkIi24XsBBbtIICDTNYLW1oanCPRUBwKfRrawVj8kaRbKhKMJ/KYDQYBVKGPhY1XLVApZIskMkXisJVns2nh1i5qZB89HMwzwQQQhwh1JarUKAQLX8Qh8FyVkYOFSr60wdeM8hdUc3V1pJCR8B4JAbqUw1Tq27bYsTyT5ZibRGrb4pvwHf/g/f6ajI3OfZVo4tkWwZvMu1pQyWbtNEOC5FsKr06zXWc3l0IwwAYLa8mXK2RtUyzWO/fwo165cYduunSzeOM/s+BiFlVVOvfkmvYPDSIp2c9W464HnusTbe6itTLNw7AhC18jNzBLp6CLZt56+kR3sum8f+C5CCGqlIpJvYToaZ8+d4sbEFZ5/9qOsTI+zUszT1t/PcjZLZmA9pcIKlt1kZPs9PPT4E7iuz2PPf5wjr/yYiRtXaZhNbNtHRSbUt55U3yCW41Bv2OSzS4zuvItYsp2zx97g7Kmj5Eo5KpVVlHCMQjmP7blIikoinWHb1p2MbN5JPNWJcBxsx0JaM9lRFZWIHiGd7ubDn/kSjzz5FG+8+COy2UVsq4EmCYqreaxahbZ0N9fPnCA7N0OtUadUyuPaTWTXQVVUotE4gedTq9VZmpvi6vgYw2aApypIqoRqCKpOjXqjTKWRw6OGkAM8v4rn1nCDoKX677s07SqGahJSbfArNOolon4E1YNEyECXFLRYGM+ykXyQowZCEZTLOaw154LVUh78AEXT0TQVu2ni2ha2bbU6YpJKJBwhEg0TSyUJx6IITZDNL1IqFkBSCPwAIQtyuVkuXTyCQEZTIwRuE8ezicoKSmAjG2Ec18d3XLwAVE1DVhRUVW/ZOgfBafmv//bvvhQEbHIdB9exW8OUmwZZ4qYqju+3yD6e61Iqm9TrDQrZBUIhA7O8wvjFi/zwh0eYnZrj6U9/loF1/ZjVVZqWQ6Vm8ePvfJfpyxfpXrce3YiihmLYTQtZC1HNLtCs1Zm7cIbEQD8bH38SoYXQw1HcegndaP1YnmNi1hs0Kk26U50M9mxk5upF/FKBC2dP4Ws6Fy+ew3Md6qU8um5QLBfJZ+dxLJ98scjOHds5feIwuh6i1qgTSbXjazojIxt59aff5vrEZXr611OvrSJkma1btjM0uptMZw+5lSUcz6Wjs4OVYp6mY6MpKm1t3YwMj9BsNtAiYSRZpVLOEwiBoodRFI0P/drv8+kv/jZ9fZ189yt/x8TEFXbtOUBnpoNsdplYsp3s0jzJWJwLp4/jNkxSmU5c16ZSLkIgqNke0zOTjI9f5trEJZay8wjbIqJANKRiGRooEpoiYRgKLh4BHqZtEtfBsV3KloPrBXSmIoRVhWTEwBc+qiwjYZMvVambJn4gky2tUK1XaDZruJJPrVbBdUziHR3YtoVpm9hWk6bVQA3paKremk0gWkLxhoEIIBTS0TQNPaxhmSbZ5XkW5i6AouC4HqZZo1LJMjl1iWQiymq5gu/61Go5JKnC0Poknf09gMBGw3ZdFFVtCYJKKlrIQAiZt0++9a/yn/75X/xOgOhzPRfHsm+GcMRNlj8AluUSBJBoa0OWWqpEsUSK6fFxdMNAD8fZsvsett97H+977FGsWgEHFS3czvlTbzFx+Qz4Hpt33UNubpryagkjGqdWWOHKkddp1CyqvkpjdYHebTuQNYXi/CyrN64z9dpPsSQDI9mOHokhKyHiiRQbd2ygDUG4uEg60U7n7r089/wz3Lh2CS9wcTwHx3M59IHn+MBTH2J4eIDB/g7OnT5DpV4hEo1RKa9yz76DvPyjbzG/tEAq3cnHf/VzKFLA5NQ0z3/0edav72HPvt2MjGxmNbtCurObQnEF0zJJGhHu3bSVg08+w7otm/AchzPHD5Ns7yKfWyAQLX26WDxGo5rna//4Hzl/4QySrJLNLdNo1Glr7+bh9z/CqbcOszI/g++7SLKMYegsLs/h++ALgbumZOTYJvV6FctzcUWAgYztQlWCpudiOTaqIrX4MI5NtdnED1xCmoZju4R1nZ72OKq8ZnokZGTJB6GQq9QplLKslnLMLVxlbvYqrmli2xaaouB6rcBXLeUpV4sEwMpqnmI5T61ebU1OFQXX9dBkDUUWRFMJgsAh3J2g6VaYvnEK361hmyVs2yZwTarlEsKXsUxBvbqM3cgj+Sap7na27dxGsqMLI9GGHtLRFAlJlhCyiqqFUDUdWivIv6wg0AhaDWohiVbOErTSDh8fEdyK0hCgqiqKEtCW6UJXJRKxEIGQ6d24C9duYIQNAs/F9wVjp09z7M0jjF85h2M6yLpB/2A/y9PjFAo5+ofWc/TNlzj++mG2bx3liV//TYoz15kdO8emg48T60qTLxSpTE0zcT1HI5dj+9MfZOP7HkbtNjjz8o/IrGtHqvXQGU1yz8d/mZHNA2wfXc+xo6c4+fZZrlw4z8K180SeeZKHHzzA1MQUme4u3jp7gs7udbS3d3Pl7AnqTYfP/dYf8+ijDzA83MfK/Bzvf+pDRENQyi/i2xHe/8FHePqjz+DaJr/16S+C0KlOjqEI0KIRInEDb9Mmtu6+l9NHXkWStZYguCzz+svf57WXPDzHJQAG1g0zP3uDDSPb2bV9O3OzU9iui/AbCAGuZxMsuuzatY+xq2PYzSqu563RDhQ6Mn109fZSz+XYvWWU0c2buTF5lTMX3sa1LKqNGpbvoyJRtR1sXybfMMmENFIhwVKxSM1y6ElEkGQVzwmomT6FhoMqC+JqlbTmoko+irRMo1KlWpnF0FMkwmkSqTS1aoHphSki0TiygMWlq1iuR29mHZoeIxKSkOMG+dINGo06s7lrFLLXkQS4noehqWRXi3S1D1Cp5ak2G9hWhZCmEg3HKJbyKEqIcCqD77gIB5RwGFmDQCgomgFCJkDge27p61//2klF0KpdhJBaoCZAClpVYeAFSHKLJC6JAFkSlPMrKKqGVatRzDWIaD6hSKRlGxGJ4tk1HLOEhEdIcdh59y6Gh3uYmingOh7NZpN4MoYvJIxYnExvN5HOfox0Byde+AEPPv00QoLzP38Zs17HLq4gPJX0yFYOfP4BOgZ6cF2P4vwE2FUMTRAK6ehd/TRKy5TzKsNDPXRn3s/DDx/k+JG3OXr8JAcO3I3nWiSTEWyrimWaLC9O4yXTFJY89j74OIce2ksipqHpOk9/6AMk2xKYtQqB26BeKbI4PcHg0CC22eThxx/nh1/9CnP5PIWmS/f50zQrKxx7/WXm5hZomCajozvZsmMPnlXjm9/6Cp7b6tbIkkyjViKVaqevt5tqIUtnppfe7h6KK1k0WcXzXdIabOrq4L73/Q5f/ccv0/R82lLt6LJAIgCrzme++JsceuxAq3Pg+Jw9dY7L586xODNFaX6KxZU8rpCouRDVFKqOjyz7zFWqBAFUGzayJIhqCgk9TCIMvusi0BBSQN12UCUf32+g6GF8t06hvMjkgoUsfJqmSZvWQ7bSQKg6Amg0Pbo6M0zNjJO9OE9Il1oa2Z4DTgNP1smuLlNuWIDKLmSUQFArryApCr6kk2tUado2mh5C1qLIRgo5kUEJx3GclmmqH7QaGa5tYTZqr1++MrasAMtAy9FJlltx2Q9azk+StEZGaW1oNizy87P0bejBKk1z/ew5Yt2b6epMYyQyRKIxUEMtBXmrTP/QRja1rWNp+hpq+CqRZGdLVb4tTKlY4OKJw/QMj/KF3Q8SMgyalSLT164gSYJEVzdnfvAjJsfH2XvgUQ48/hhqOIRrW1j1Ks3iHLrR4pNEYhqaDpWVLNdqBWKJMOXsAivLRfLzeR4+dJDluWm6enuJhENYzQbRaBRNUhjduIXejZv41Oc/Qyoi09m/HkWWiUU0vvJ3/4mP/9qnyXSmKWuwms9RzC4RMsIMDfVwbXGO5XKRoLTK9S//BZZt4ns+6/uHaO/oYvOO3fzW73yO7OIitWqJt04ew7YaeAEoMjzw8BMcvP9eHLNOT18/yZDH2JV5ZAKQfTQB+dwydqPK1tHdPPMrH+fAgT3MTkwyOT5Oe18fPd0d1IrLuKEQRiLNrnv3sH5kM4Hv06jVyc3PsDi/QLlSZWVumuXJ6ziOSTwhU66brDabqJKEEB5hqYmhKQT4eM0yjtKSBwspAs8WIFpLs2RhE4/C+dkF0rpGobpCgMJUbol1nZuQw2GWC4vkS3lU4WPaDWzXxLIcHNcmV21guzae59Eei3Dq8uvs7ttMEDRpj4aZzWUJKz4RTSGZbEPWE4Ta+9HjbXg+SIrUsuxothihIPwf/OD7/6VQKPjKtatXJjaMbEFaM6oJfBd8r5VbyRKu6yLWFDq0kMbQ1s0IYdEIBIObRkh2b8SyPZYX5hkc3oTvC4SaQA6D3MyiKBLtmXYssxcj0UkkkUDSBLoRJV/MUm4sE9JWGdwwREdPP5FYlBuXziA0g3sffYIzF67QObKR2uIsS9NTJLp70aMKkWQSJdyOOzOLqSkku7oZunsf8bYEge8yr8Wol84RCnzGXv4ZL351mfc98yTve+xRnvrgk5w7fZqnn/ogX/qT3ycSi2DVV6lX8gReL34gkUzFOPLGa1y7fJE/+Ys/o6tvHbmlBVZWiszOz7CyUqTRtAgCUBWVRrNOEEAqnqRpNvGF4P69O5m/eo6NO3fzH//TX5HL5njphZc4fOQEb586zq984iM41QKFbI2RrSPUF2fZNLgNIxUhFNFJpNtIpdvRVZVEOsn186f4y9/7dzz89LM89vTjuJ7dEniplggCjUg8SblcJ2QYIMCIhEl1pNmwYxd+EOA5Lo1andpqERSNSjHP+OsvYSkaK1NXWV6cJ6MreIHPXLGKEwR0xCJocgJNlVFlH0WScD1QZcGGTAeKojC7VKZq+2Ta1iGQGF8aZ7Gao0eLM9Cmgt9aHpeOtVGolOhMxJkvlUAIlmtNggBmynN0RBPM55fBg0zUIOspBGqYSLobPZbC84K1QYqM5zgtzpEXENLlt7/znW+/AiAfOvRwYmTzlo+803j2POdWzhwE+L7XUohUZGKxMOGIhmPbmKbFpZMn6R0aRhYBTdMiEo0iKRrNeo2FG2O8/P1vslqz2Dy6i0g0Qjiso2sqtWoTSVEpl8vMTs5w/vhxxs6cZmjLZuLJdhRVo15eYeP23WTnl5BDOiNbNrJazCMbEfq3bCeR6cZq1Fg4fwRZDtjywGPEUnEC18ZzTNRQGD0cx67VaGZzNKYXOH3yFH0j29hz4D6iyMyPj3PsxVc4/OrPmLh+lXq5wMDwJhRZgsDl9R//hI54lERUEDZCxJLt6FqIaqWlePrhj/wyjz3+BPFIDKtRJWqESLdlMIwIsixz9coVdu3YQjhqkGxrJxLWGR3dzCPvf4gtGzcyNDQIdoVYIkVHVyfJTJpAuCTaYsTiOtGoRixmYIRVStlFrl2e4LHnnmPL1mE0VcazmwR2E1kNkRloDa8adbNlFCrLSEprgqZoWqsroOkYkQjx9nbiqSQdPT2M7N3P1j172bn/ATZs2oJrpJBKWTzbwXbhemGVDkXg+j5Lq1U8z6PSaFJumPgEVEyLiKFhqArrO4daS0odB8dssC7eRlgXrNQb2J5LpWEhiQDwWK3XMTQd0/PxAqiYFrOFFQp1k5plEdJCdA+N8L4PPc/60e34wVoTWUgtMcg1Es+MtKYAACAASURBVJ2qqe63v/W1z3/vX757HRBysVisffyTn/z1ADQhJFzHhcAn8IObxjBCCDRNJRI1cMw6Vr3E9IW3GDt/ET2SpGdgAOE1Ka6stKy+rl0gFgnILszw0os/58nnP46q6YjAw2qUkPQ43/gv/8DY6VO8dfgwpXKd0X0H6OzuJGToKIpOYf4K0VSGu/Y/wNzlSwxv2UC9VkaEQgyN7sSuFbh24lVmxy+iahrV3BL1Yh4hSVSmbjD7+msUZmeRFYXc5es0lrLg+WzavZNNd9/Fxs0bKC9OEQ6rmDWTSsUCoTI4PEjY0PFcm9LkNPFUlETcoJZbYOXSGJ3DI4jAp6Ozk30H97Fz9w6eePopDj36OFbDJjs/i2tV0RSV4ZHNPPXMB/CaJSKxOJIs43suQkh0pGMIAqLREOFYDE3TWF2aI5npoa2jk2gshu82aZbz1MplGqtF7Pw8c6dPUC8XUDWFKydex6qWMOJpwpEIkhBU8iWEGmqlj+/URUIgJAlZltaOxDKKLKOqKqqmoWo6ejRG+8AgQ9u207VpO7ptktR10us2YphVZCGwfJ+6E1AxTaqmR1ssRESGhtmk6Vig+rhInF8YZ2PHMF3JBLKoMlsutFqYiqBgWQhZxkRGSCoeAXrgo2sabdE4O/r6Gd2xl90PfZCnf+M3WL91C8FtYJYkgWWa2HZL27peLX3nD/7w975cr9c9IJBr1Wr91z//hQOqrm8QQhD4rajsrIV01lrSLRqpjOfaeLZJpWaRXc5TXCmS7OjAd03wLRIdPcQiMla9iCIcro9P0t7VR09vP4osEIFHsr0Lz4XvfuNrCEnhS3/+l9z/4ANEYmFcs0bg+wSBYOzMKZIdGdatX4dr1XEDiVC8nfauTmrFZZRQhECLsTR1lXCqiy0PPIkk+Qg9xPLZceaPn6RcyLPlyQ+x52O/zODOndRzWYZ370RRIJGMEImF2HX/frZtH6K+NMPijXk27tqJ57rUSiU0TaFrcCPDuw+iaAmqyzlk3yGkCdK9fYSMljtrKt3GrtFhmvPLVOYXCEmCbdu2ct+hB4km4tiNEnPXLjA5dokb509x7o1XkfUoG3bsplpcQdNDFOZucO30WwyP7sAwwoSjCfLZZZZmZihMXcZrFPG9Opqh0zGwkcmzx7GqVWRJIZbpgiBg4ewFQu1dyJqKkMStFuxtEzVJAklIN+8jWn7lktSaCIeTbfSM3kXf6C42bBlldX6WWM8Q9z/xNF0hQW97hvTgRnxFR3gBjufjqzpuNMZkfpFyrYjtlDDkJjVVR+7qp21wA/0j2xi5dz8jd9/Hjn0H2bR7LyPb7qY3nCDhe8QUg4GRe3j2d/4dOw7uI5qMtcTrgxYIhRA4tk2zaeJ7HqGQNv8f/sMffezcuXOr76gWKLlczj1y+M1/euyJpx4HUDUVx7FuCR0EwU2zStf18H1A1uno7SOZ6SEajaEZcVzXJd2RplYpk59fRNJihDt38dAHIpw6dozR3XcjC4GiKFi1FbZv38D+Bw5y6sRpBC6yIqGqYdBUrGYdSQtTa7j8n//+j/lf//rvaS4Uyc/NsP3h7bi2ievYNJtNTAey+SrhTBM9YuBUlslPXmLd4wfwFZ9GdYkdD92H7zeRpDqJTIxmvU4opNC/cSub9jxIbTVPdmacwnKTcuE8jY82kQR0rx9Ci8RJZdLIskz35iFAprKU5fKPf0jnunWEjFDL7alZZ+7aeRKBx6gsoUUktKkLZCevMzi6g0DT0IwiUxeP0siPg/Dxm3kalVUK2WX0SAI1FGJ19iJnX1bY+dBTSLKKEU7g1K+gSB6ecAlHQ8j4qHqIznXD5BYWsGoVGrU6qubhahFkXWsB9Q436zVQvHNfercKS+taFhIipKFoKpFUgsAP6Nv8fyHJEqquETzxQRACRdMIggCn2cBsWpiWiY+gVmswM36VuUtnCWoVBvY+RFt3F7FEnLZ0ilgsiqKqSELCcV0s06Y0uYvC9CKZwXV0bt6AGlKRVaXFvxfi5s7o2jb1ehPXcdA0zf7mN/7HF37605/O3q6SKwPcuDEx/enP/OqHhZDahWgZO3ieh207a985QNNUAr9FXHKaZVzXQSDYcd/9tLW3kWpP45gNzGYNy7ZZXa0jawaWJ6GoETrW9BoIAqrFZcbOvU17dz8N02fj1lGMkEJI15EkgZAUkFVujN/g2JtvsO/B96NWShQKq+iJNpLpFEEAxYXrRJIZFmcXOP/2GZRwnPUjW6it5igtz7LpgUMsjJ1i/X0PIYSgvDKL1WyghQzC8Rie20QNxVAVQbpngH2Pv5+dDzyArCjYpomRaCPellorkgN8z6WxWqCaz2I6FjOXzqOFZSKJVIsw4FvgQWM1h5Y2CLWHyU5doWfTKIosMX3hAotj54glWgab4VQXihFh5upFHNtB11VmL59meXYSx2qS6uqDIGD+8tvU62UqtQabH3iO9sFNKJpCNN3N2PkxVnN5HNOmUW0gJbpItKVaXHZxZ4R+h8bQojWI2yL0nfdbPHgZWZZQFBlN11B1rdUJU9UWIOXWa7RQCCMaIRqPEYvHSbYl6Vk3yOZ79rLt/vfRP7ye7t5uMl0ZEok4uq6hKK0cX1VVQrpGPNNJz9YNJPu70EJqa1XMO50I0TqauK5DrdbAdRwUReXy2IU//+M/+aOv2LZ9h8emDLC4uOht2LBhZXTHzudBIEvSWnT28byWn7UsCTzfx3UdrGaNRnmZ3o2jROMJ9JBO4Ll4joVjN3Fti6X5eVZXy0iShqzpXDpznsMvvsKGbVuRZI3yapmrVycZ3jrKPXt2M3fjKivLWRLJFAgJ35fIL89zaewKDz3+OMXFRV579Tgnjx1n/6H3IfDJLUzhBwJdNzj/9tucOPIWG7eMsG7LdhzHJ9rRiRFWSXQNoOg6igyO1QAhCMeS4LvIWojA9/DtBr5jo2oqihYiOzPJ3LUrrC5OMTt2nkuvvcL1t44xfuIo14++TnZ2EstzCcfjTJ07jOc4pDr7SPV30bd7O+FMB81qHlVVaetZT3F+iqvHXiIca6UCQRAgh6IISaVZr1NYnKWUW2ZpYQ4HhXCqh86+dVhNk+9/7assLRe5/0Ofob09jgjcFtNRwODINqqmz+GXXmPs2Cm27X+QeFuqBTjRGpYJpFYxdRuAb78I8R5Al0RrG2ntcvM5btvmtlRm7TWy3NKQ1nQNPaS3xt66jiJLa6Q48a6DhkCSBUKWkCT5ZkPinfeVJLlFZajV1yKzSqNe+Yff/d3f/tPFxcXg3VJ275jXB7Ozszc++rGP3atq+nDrQ9Y8sQnQdRXf81uXICAQCq7fIlVb9TLReAqrWcN1XBzHplmvsbqyxPVr82S6u7FqDaZvTFNeybGytMyWXbtomi1b4y077qKrM02zmqfWbFIu16lXyoSjMRYmJ7j/kcdpS4T5b//0P1jMlWk0LOLJCN09GbLzM/z8hZe475EPUC4UaNgSx1/5GQND6zEiMXIrOTbdfS+ua0Pg4TRr2JaJEYnjmg30aIpKfoHAD1D1EK7n4roujmWxPHGeq2dOEW/vItqWodGoYcRiDOy8G0cSaIk4khoQS4WJtw9w4bUfsDhxhezEGDfOHaWUW2Jgx0H6RvcRTXcRCIVw5wCZDdvp3baHwd330zm0GS0SR1bDrCzMMzd1g+7hTdz/5EfYes/9lBfHKBTK/Ot3v8/Bpz7EngMHCHwH320iJAUhKfiuTXtXNx29A8yNT7F17wFi6STy7SCU3g3AW/n0Hae1KH7H9bsB/x5R/51thRBrO5G0FsHXLnekP7RyYoLbMh7RcgUmwA/8m58hy0prxVC9idNKMzDN+rc+/elP/MaVK5ft91LLfQfQLC8tuUEQvP3QoUO/AsKQhGi1fQT4a+6xwVrUFpKMqkcAmcWFOdo7uynOXyafzaKGYpRLZQrz81RyWQIElew8K8t5zFqVciEPskw81c7Vs+c4+OghjJCG1awgSdDVN8SZE8c48soLbN+zn7FTb/G3X/4ypXKtZS4vK8xPTzO6ewd2s84bL73OXQ88SDSRYuPoFlKpJD//6QuUKlW+/61vceiDz2KbDWRJMDdxg5nrE3QNDhGKtqLj2OE3eOErXycUD1FcnMaIpRC+iWPX6F6/ke7BIXTD4MbVMWRVY9Oe/fQOraN70zY6evtxGzk27XkQu1GlsrrC5MQES8UGe5/8KKl0CkmRUUMGyBrZxUWajSquYyHJCvmVFVayea5dvMTFM+fZuHMbm3fsIt3VT+C75LJZvvZfv0JnXw8f+siz6HoIIQRWvYwQMoFQOPbKq1w9f45aqcTWvfvpHdmCpmuto6wQt6fPdwLyJmbfHZ25DfziVhYu3uM9hHTr8bXzOzuAJMQd298O5FsM5dZZkqW1yNw6KkiyhCLL2FaLBOe5Lpqm0aiXv/HpT338c5cvj1n/lmKufPsjx44eze/bu295eMOGpyWx9hUlea19598qLNaKO0VVCEdi6AqYlsfRV9+gb3gzueVlzEoFs5zHsR2cepmHnvsYC1MTlJenWVhcoVquY1Wr+IHLhpGRVivGdeldt5FYLMI3/+n/Y3BklFQ6zdvHj2NbTTQtzPCWLYDDytICBz/wYfYeepS2dIpGpcSJNw5z8P2HGNi4gYbpIukxSvk8qm4QicaYn13g3FunOP7yC2ghg3giyY/+8avYisJdDx5gaWaKznVDuFYD33dJd69D0XTG3n6LC2fP0TPQx9C2XaiaimdVibX3tiTK0p1k+tdz7KUXWS6U+KVP/Srd/UMUV+aRZRkkGds0qdfrqJqCbrScoCRFo1ptcOHUabIree49uJdkWxtGJMrU+CR/91d/S7le4+OffI5UexeSojB+9ggBAaFwDNf1+en3/oWLJy8wNzWHoUbYvHcfmqqspQC3gPjuk7gVgN/zwi9EcnEzat8E/+06+Xdcidvi7y3otajJt2vrtzhE8hqPqHW/tTOYjZbvZOD7hEIaZqP2nz/1qY//xtjlsea7hPn5hRz6dpQfO3rk0vvf/2gk3dGxX1r7doqirAnOOARBy+NZkqQ1TQSlpRBqm8SSKVIdnVy/cIGrFy4Qb0uTSccxXY8Hnnya3vVDXB2/wY5797P97l1sGO5n6733oek61fIq+VwRWVXo6l3HjnsPsHX7KOl0kmatysS1q0iSzOCGIR77pSeZn56mf3CAZCKK79roukpuYY5oPEw0lUYPhVB0nfnZJXIrOZr1Jv3DQ/QP9XH89Td546VXeOuVn1O3BB/57V8j3dlNvVYiFI7iORZqKIoRTWA36nznv3+Tng1bWb9hkHgyhSTLuHaTgABF1fEcE891SGT62bB5kL6hzSh6mOMvv0isrZ1ILEZ2cREfmVg8TDQawQhHkGWJUqHMaz/9GaVymd7BdWQybRiGwcLsAi++8DPuP7iHka2jeJ7PN/7pv3Lu3BiV0ipayCDR1oFtNSjnl7HNgLve/0H6htejqAqSJHhXeL4dpf8Wem/l1Tcf446UQtwG3lsB7hakhKAF2+BONL8TgW+9V2viJ4lb4JclGd/3aTQaWKZFEPgYhu5evHD2L77wxc/96bVr16x3OxzfHp3fAfTt6qN+uVz233z99cNPP/3MUDQa2y7L4ua6LX/NLEfXNHzPx7adtWGBR61Wo7O3n3BIRdNk6tU6dx3YT72yjBrvYtPoKCFD59Gnn2HDyHqi0TCRRIxUOo3rulQrJUqlGjeuT3Pq6HEcs8ngcEuVqW+gnwtnz1LIrxCJJbj7vn1oqkQhl6VvcLCVDvkeApcL5y8gKxqW7WCZFmrIwHV8Jq6Ns//BA4TDBuuHB3jr8AkWV/Lc/8QT3P/wwVauJ8mUCguoehg1FCEcTfDaj3/MnkOPs3PXJqTAxXUsFE3HDwLMSo5QvJ0ggPmpccKxGMn2HoQkE3g+r7/4CiePnSSaiDOwfoi5qSlkRSWZjBMywtRqdSavTxIIiVJxmWtjY3T19tHZ2UEy3cFP/vV7XL16nezCHD/8/o9w5Sjve/gQAxu3c/rEKb7/3R+yZ/99eL7NtStTPPzsx0hn2lGUVoS+GYLfnSO/W/9N3Hr05vkd8N5x+45U+Pbg+56nYI0D9I4suZDEGmfonR2u9bwsy8iShGVa1BtNbKvFyw8bevHYsTc///kvfO7vl5eX/dtUvnhXlBbvVh+942/L53PuSy++8NKzH35uazgc2ays2ZypqtZaW+i3ij9VU1EkgWXbxBJJRODTrK6iajLb9h6gmp/B830iqQx969bhOCayLGEYBrJwkITXckVyPSzbpVIqMnHtGpfPXWH82g3WrR8g3dGOqsl0ZdKcPH6cgfWD3Hv/fs6dOottmSTbM2iKgue6KKrG9WvXqdbqqJpKKBKjp6+Pnv4+jr7yKlvv2k0qlSSRStHT28618Wm+8Ee/h6ap+K7L1OQknusQibetMctczp8+yT3778NtFmg2KphmA8/1kNUQvlCxzSZGop16vcny/BJvHX6TqesTvP3mYcYujrOyUuTsybNMjl8nCODVF15m1z27MCJRxi5eJQgc1q/vYev2ESZvTHPkzWNYls2uPXezPD/P0uIStiN45hO/ypNPP0X/ukHChso//f1/5uLYFa5cusSTzzyNhMrwlp2kOztuTgnfjT6x9v8X3BmVb7buxC+67Yjb8pKbqUfAbVH3jj3i5ifeem5NWV+WUVWlBXDfb7WABahKK1DW6w1M08J1HGRJoMhc+pu/+X+f/bM/+9NX1lxjb++a++9VEN6eQ0vvNmHJ5/P2iy+88JNfevqZwXA0tl2R3wG1enMli6rIuI6F5weomk65VCabLWBbFl3962jUquSWl9EicXr6Bwh8v9XfjUSQJYnAbVApruB6PrKmo+ph4vEYqmGQ6eygVi7Ru24dqqYRDocQQuHYm29w3wMHSafTHHvjGIqqEImnWsR3xyW3vEwilWR481b6BtcTj8WYn7zB/NwCew/eSzQaRZYk0plOMpkUlVKFiUsX+fo//CNHDx9ntVijb10f8XiMsbMnmbg+Tbytk96BQRAKizNT2I5Lo1ZlZSXP4uwcy8t5Ah9+9J1/5tyZs2zbdTdnjx6hkM9hWQ6pTDf5fIGJ8Smq1VU6e3vpHRiguFqGwCESVuns7uG+Bw5w6LFH6evvQiDYe+AADx46wMOPPUJ/fw+hkIYiSxx5+QVefPl1PN9DlnWGNm5u6TT3DtPZ331r3P2uqHs75N4zr241fe8sEm/B/10pBLcVd7cKyOD2J2+jJQN4nr82qANZUZAlCbNptqKyaeG5NqqquNnl+a/8wR/+Tx/93ve+N/Uuhf5/66BwE7fKv2GPBcCVK5drT33g0c/+7JWfl9Lt7V9UZSEJWSJkhJEVFdts4Lp+Sy5MUYjFk+ghA89z8BybVKYf69wZ1nX3EgSCAEG1UkNWNWKxCEIxIHAJhIyuhlBVm3gqBe5VqqUa+973ANcvXyCfzbJl524OPPww165OsLKyyr377iLd2cXJ11/i8snDaHqEWqPJlp27SbSlWZqZ5dhrh5mfmye7nOPDn/gI1dU8s+NX2HHPXiRVZ/Ouu/nmf/smR159E8exqNk22XyFQA74tS9+nngiSSyVJpddZHR0hEg0zr9896cszC0iKTrVep1oOEHY0DFCKvMLs3zsE8+zeXSE13/wL+hGhJ7+AXbes4fJyVluXBsn2ZbGdWw8H9raklRkcBwT1/OR8FiYmUSWPOLJdkKGQeCncKwGktwaeNhmlTdfe4NPffbznH/7BHMz83z3G1+ns6MfLd7F9r133QE/wXt35u58JLjZ+RB3NIlvQy0BBOLdm918/R1FIO+M0yV8vzXLAIEkiRafRJLWCG42ruPgug4SYOjaysuvvPi7f/bnf/rdSqXi/lvOxu9hQ+jf7rHynhH6VvqRd7/+1f/+0oEDB/Od3b0PtiyfWz+uomrIcmtQIK8dnlRVI2QY2LZNs14m09tPpqefIJA48fprDGzcTDQWbbWdAolmvYIWSWDWqywvLTF5bZyTR06gGwaXT73FCz96kdOnznHt4nnuf+RREskUe+7fT+BZqIpM3/AWND3Cz3/yYzwEZ986w4vf+yGnj5/E8gU77rmLwaEBpsYnkGSVhflFFheW6e0fQEgq1XKFK2PXMaJh7t63h0989hMcevQRAgRtmR7GL1+i0WiwYeMwvufwsx/+DEkx6OzpRjci6CGDarlErphj9+4tPPKBx5i9MclbR09St0x++TOfIBxLsFoqtlYDAcPDfeSLZdId7RQKFQqrFbLZPNM3plFlSKTa6O4fJhQOoygqAK4XIMkyZ04cIZLu5uD+7ch4nD17CddxsK0mg+s3s2v/fQjp1gAjuK0uRNw50Li9PXcr03ivkflaoXdnxrF2O7hZDK414VornyRpjSrxzkJhGUWW8DyPRr01Lnedljaipip+rbr67f/lf/uz5/76b/76hGVZwXu4SkjvkTP/wmvkX5zm39EOkQDRaDSCf/7Ot0+1tbW9tXPXXQ8EAUlVaTXQZaU1CvXcVsH4TlckCALqTYuZyUlSqXbGTp9A0iMMDg23DkFBS6a3Xq9hNi1AkF1c4saVCVQlhOT7rK5WCYUN6vU6jun8/82dd5Ac93XnPx0n59mdzQmbgEUmwAASBEiKJERSEEVZVtly6ST/cdad5bIlXbDOpzudy1Wyr67ss31HiZKsQIEQSZGUKOaITIDIRFiE3cWG2Rwmx57p7vujZxeL5QIkLbFOXdW1E95MTW2/fr/v+77vez+MksaF997jtru2W2KlUpFyuYQkSzgUieP73uTiwDDZXA4D6N64gUI2x+svvkp1fSPbtt9GsZAhncmjmyKXz57np4/9EN2EcE0NX/nan9Kyog1FsTE3NcZI3xlK+TSCIOBwuikWirz+8mu0dHfzwM4HcDjtOFx2ulevQhYM7r53K22rbuLZXbsZn5rlpi2b2Lp9O+FIDYVcCsWmYhg66zeu572Tp2jv6iadyTE1OcNg/xXymRSN9SFsqoQvXGP980URQVQo6wZaMc/et97m/gfvxemtYmJ0nImxaRoaG2htb2dFTzftK1dbn1mk3bi2gLK4oCJchSQVnLzcem6aVzGxeU3EvjpfzuKkLQ7ZMIyFdjFZllDkiiPnCpbsU9MwTQNZlrCrUv/zv3rmK1/7+l9859Sp06mli8kyuFm8kY20BJeYS5x5AXyXSiXhtVdfGezvu/zM1ju3t8iqrUuUBEGWLDJcVmwwX7qsjDmVZBXF5ubs6bOcP3eW6toINXV11tRIwDBMRvoHePW5Z2hbuZahy32Mj0xgUyU61q7lE5/5NO2dLVzpH6SYLzIZHSOZSHLr9m3Ikkkhm+H8yXfZ8/KryIodf3WETDZLPp+npJdoXrECRbUz2NdPOBLhzrvuIJdOIggmNXX1BIJB9r7xGplMmmQixtFDhykU8sRmp9ELCZx2Ca8/SLGo88SPn+DQvneYmJrC6/Ny9/07UBSRdGKWcNDFho1rqG1sJFDdwMxskuHBfr7wxc9RVdeIJEmUC0ki9bVUV4XxB/1UR2q4dHGAibEJpkajFDWNjZtWUy4mAQGP14fd6QITpsaiFMsm544fw2aTaGhsQLXZaVzRybb77+X2u+5k1ZpuVEUmXN+KKEiVpgzhfaTA1eqecH12wpzH2FbnEosdelFxZL7kLYrCQmVyfsinUmEuynqZfL5APmc5MoaBqsjYbEqmv6/3f3/l3//Jl5586qlT8/LPG5wsTQCXs1kOclwvrANw/vy55O5dP3vulptvHo3U1t9qmrjkSoexLCsoig3TFCiVLHykKgqBUIhgVYSpsTHGRwbxBXwoioqum+x78TkO791LX+8lUqksTZ1drN18E8HqIJKok09Okclk8QZrUVQFSbXTf+kiVZEadv3ff2TfnoPYPGE+/UdfpL2rg1tuu4U1G9fjdLk4eewEc7PTpBIxnG439z20g3w2RblcoioSoaGxnkgkRPOKDoav9BOfm2JuLkZbRzutK9qob+nE6Qnw2ktv0d8/jM3lorG1jSsD/Wy/9y6ampoQ0BHNHG2dqzC1NE5vmLauVQT8Llo7OrA5PORScSQRAoEAZS1HSStid3lQVCfxRIrJ8QlCISdvvvQSBV1h6yd2kInHKGl5HC4fLq+f944e5YXnnmfDpg043W4UWQZDo1zMcXL/2/zLP3+fQF033WvWWgIvQVyecmZRJXBppmVem/QZixo9FiI1VlIniuJCPcJSSFhfKFVWB0vmmWdh1rhhoNpUHA61HJ+b+tUPf/DdP/qPf/mXT05OTuaus4vxjV67rs3SCC0sAtjL0iIA2WzG+PnuJ06nkolnV/WsqbfbnZ2mIIiWY1swRFEdCJLVzp7P5XE6HASra8lpJqeOHSUZmyYQDFIsZJmKDhGNTpNOxFEwuXT+Aq5gmO6eHsLVNfRs2IDPZaJpeUpamdaOlWzZdjvHDh2ksXM1X/7qV1EVCdWmYLPb8fr8NLW1YWp5Thw+gl1R2fHII7S2tTE3M8VodBRZlmhoasYXrCKfTnD/zk8xOhxlPDpEe2cHPevWEwxX0997hr7LgyQzaR54cBtbt91OPJbE5XbQ2NhAMBTAKOVpXGENcUcQUVQ7gWAQQbIzOhJlfCyKy2XH6w9hszvIpLOWKClXIJ8r4PP7+dUvfkFjaxtf/OMv4guEABi6fAZEidnJGV78xbPEYimcHjeqzUZJKxMdGUXTFS6cvcjwYJStO3ZSVVONLMlWm/8i4LwYGwvCcrzFfO/oYnhhLqkuChXdtFT5fsuZxUrCZxoGxUWOrJfLyJKlonTYFYqF9MGf/OgHX/6Lb3z97w8cPDRtGIaxFAks8TdhyV70H2gjLZMEm8vRIUsTRsMwzKNH343/8rlnnm1sbDxeW1u3RhTlyNUBjyKKqlpCdZeLsm6iaRqq3U5DNABYswAAEi1JREFUcxslXeLU8WPoJkxNThCPDnMxGmVyfBLV5uTzX/5jaupqcLrc2FSVUHU9TSs6aO3qIhz0EKoO0L2yjUhNxNJloCNgTU01BZmipjPQP8Rs9Ao1NdXc/eADGIbByMAAwwNDzExOkZibZXJsHJdTIRGP8aWv/AkbNt/BnldexulSaOvs5uKZ06RTM2zduplQOIjb7aaxuY3j7x5iw00b0fUS46MTNLev5NKFIR79h+/y3vETJOMJ9r/1Nnvf2ks8lqJULFHIZghVRfCHqiiXSpimgcfroa6+jpJW5Pc+/xnCVdWoNgf51CymWUKxezly8B1OHDtOLJ5i4FI/J4+d4nJ/lHg6RU19Pdvuu4+G5kb2vLGHp3c9yeH9+2huaSNUFa5oKq767/wOUpVcbuHFa+i2CrshLDixuOiUFig6qRLyy+UyhUKBfL6AVihQ1qz5Lna7HZsqkUnOHdn1+I/+7D9/85t/9fKrrw0Vi0V9uaLI9TaA/Sg20g2oED4M/5dKpYxfPvds3/69e3Y3NTWNNzQ0btR10w0gS5Zjy4qCy+XG6/dhU1Wr48AwqaqpxxDtZPIG6WyBeCZHtlDAHwqwZevt+Hxe9FKBUjFDMZcmnYwzemWI3pMncfn8OJ12DEOjpJuV8nwJvVxGLxuYwMq1a8jnsrT2rGLV6tX8+sldnDv9HvlMAa/XQyDSSCw2iz/o5+yJo6SSs2zYuI6ahhaSyTnaOlfh83nIZRIcO3qMO3c8Qn1zO6GQj6d3PcEtd2xB08qcP9tLoVAgGKrhlRdeZm4uxmDfFUaGR5idnWNicoqOzk6r8VgW8QeC2B12bKqK1+tDEEw6OlbgCwRRVBWA2HQUf7AKbzDChXMXMSUH9S1t1De2MDM9TV1LCyG/E7fLQV1DI3WNDXR2tzI+NsyBA4c4eeI0n3rkYSRZXsQ5m9cq5JYA58XFELEiG53XWoiLtCGiAIahW0xWvkChkEcrFheSvQpGJjYzfuTpJ3f9+X//6//xX59/8aXeVCplLkEA4nKs4m9iIy/H5X3AIS7HWx8/fjz18M6HHn3wwQd3f+u/ffurHV3d/04T5RpZlpAVqTI03Y7NphIMhcjn80yMT6JpZW7ecjtrb9rMyHCUi+fPMdh/gb/79l/z6c/uZNu9n8AwTErlErlMmuEjBykmZolv3IQoyxRyeWSbjKqoSEIJwwTDlCgbAoV4js6uegKRJnxeN6FwkM7VPdTW16PYnGCa9F96j1BVkIc+9wW+9Y2vk07McM9Df0B/77vEJkeQFJXuVSsxtRS51BxSpApRlXC7HAwNjhCuqmZ8YppCGYLBKiKNTUyPj1nbYeg62z75MN3dK3AoEsNX+nlq925sqh3DhEw+j0eVcIlw986d+KojpDNZmlpamRufoNsbQJYkNt12C5GGJrSyQTaTY3Cwj5raahpq/RilDEf2vU4ymcXnD/LJh+4nNjvDwHCSdCqDLawurg0u0rpZ0MI6FxVH5s9KgwBLGqZLpRLF4nzgKGPoemWgp5UMCujaRHR471NPP/UPb7y1583o2Fh5ie8s9qHrccz/ahtpGXixXILIoufGDaCI0NfXl9v1xK4DR989vHvD+rUpj9e7Ui8bbt0wEQWLj5RkCVVVCAT8RGqqcXk8luje5aKptYU1626iqq6Jy5eHGO7rZyo6XCHrRTIDQ2x84GFWbr4V1WZ1oMuKnebWdnLZJHOTUUaGR0gmkiiKgMcXJBCqxuf34XSq+MNViJik45MM9J4in8mQTSXpWb+efLbEyOAlNm25k5nxPkpaDrvDjYE1swRTx+sLoWkaE9EoI9EJJkYG0UrQvbrHGjwZDKA6rLkjdz2wk7vv2YoqC+QLedra2zm8dx8T0zFCdc20d62kuakJr8dJKp1BK5f55dPPMDsxRTqZxuH1UV1Ti83uWJBWFgplxkZHCId8bNi0CY/HQ3/fFU6eOMPJffs4+85hhHyRP/jTb9CzdmVFC70ot1twYvNqHXFevyxebaoVK4ne/GZLhQpTUcznKRWLlCocMoaBIOoUc+nMxXOndv98966v/s3f/u3/OnL0+OVUOr1Uc7E4ml4v2fuNbKRlIMVyCeJyCeNyuFsAzHK5bF65ciX9k5/8+MCbb772w8aGuolIdXWzaRIqlcqCaZiW5lWWUFUZt8dFdXUVNTUR3G4vdrsdj9dLc0szHn+IuXiOM0dPkEqnaenpZuNdd+H2Wthaki2NtMfrx+Xxkkyk+Mn3fsjBt/dy4ewlVvSsJhiuQlVs/J/vfIdEMsXk6DB2u4jf78PrDyGpDkaHhqhvaiI+N8a6jZvJpeYwdJ3zJ4+STGZw+sOkUxkcbi8GAtlUkv17D/LgI7/HbXdsQpUhk0palGGxSPfKbu775L3YFIFsao5UIkVLeyeH3tpDx+r13HTLJpoaa2lpacQfCuANOGlobOLce+dwe4OIqh2Hx49eLhGpraNc0rA7HLg9HqrCIVLxOTo6VlAsFEkncgyfP09QL+IUBGtDTz1Pz5ZtSLJc2bbBrEiAhYXulWsdWFwQDBm6jlaswIliES1fQCsWKJdKlYH4Opg6eilvzE2P9u3b++bf/+jHP/63//y9x544feZstFjUjGX44+Vot9+6jbQk+po3SBCFZSK4uZxDz79nGIY5Pj6uPf3UU0dffunFf0nEZk92dXZ4ZUluLJd1uVy6WkmSZQmbTcHr81BVHaa2toZgOITX6yUQDFBd30TZkOi7NMBLv3qeU8eOEJ8cxu0P4nS5LM5blnB7PKxct57hKyOMDI9wpX+ImrpaIrX1/Hr304Rq61m/aSMbb76DUHUdit3N80/uRrC5CQd85HI56mtDCKZJJpXh2IFDPP/CW+x5cy8nT/ZimDoNjY0MXOplYGCQzZvXUS7mGI9GMUwDSVapa6hl3YY1+Hw+Crk005OTFIoagVCIvkv93PXJ+3C7nZY2QxZRbSI+j42a+mb279mPjkRDawsBvxuXTcTpdGJTFUTRRBIlJkaGaWhtZqj3LC3tnazo6mL1ujVoyQTxuTlSWQ2jqLF66924fB4L9AriAjshild7By1UYRW5ioWi1fBasLa4NnUdTAOxQsdJkgCGRio+nbh47tSvn9j9s28++v0f/Kdfv/TKnqGRkUwl6gvXiaDXQwG/VRtpmcqLeZ1wzxIHNt+vzXqfzTzGEWZnZ/WDBw9e+tnjjz81NTn+C6fDNuPzeusFUQyUtLJQKpfRdbMyMsGCJA6HA5/fR1UkQm1DHTX19bR0dBFpWoEgSPQPRHnlldfZ88br7Hv7LWamJnE67Miqiscmc+rwYUYnJjl15F2qa2u4cKaXlo42tt5zH4GAn8nRYY6+cxRPVROf/uxnOf3OWzQ0hBENa5/rqsZOwpEGtJJVeg5UVTFwqY93D+wlmcpRzGtMREe5dKGPfDpDe3cPHatW4fM6KeQyJOIx+gaGGJ+cRZAkqsJVZLUSoNPc2sLhfXsZjI4R8jloam0nEI5wYN8BJmZmuPW2m/G5bTjtAqoCTrcfTJPhwSuMjoyQic/y7oGjVIUchCMR3L4ArWvXkyvohCJ1fOFbf0OkuRGpwhWLFcpt3oF1XV8YGFQsapS0EuWShYmFSkKvqgo2VUESDXKZeGaov3f/a6++9J1Hv/u9rz2++8mfnjnf25dOZ/QlFBpL6DThOj7zsdgIN2A4PvZjxYo29aEHH7p5x44dn+nqXvWQzeFqESVJnR/3ZDVcSpV2dquyaM2pNihpGol4gsnJaaLDw/RdvMDkWJTx0WGK2QyiYDI2NGCVjEslbE4nPm8AoZjlv/zPv2P9+h6OH3idZ595mZ2//3na21sBA5vNttDeVMjlOXt0H/GswaUz56hqquPW224hVN1IenqI02f7OXrwIHI+RU9XOzfdey9vvfwK+w+eoKAVqYnU4PQFMSVYvbaH7pU9nDlznnA4QC45y+M/e5JHPvc5qoIuOjrbaGpdSf+F8/zZn/8H/AEf9959D8GAi/r6CDdvvYcXnnman/7050TcLlwOB4WygVbWaOloobO7m9U96whW1zFxoY9tX/iSNdqtItc0dJ2yrlf2wjEXsLTA1dmFomCJhyRJxNBLZFKxycH+vrcPHDjw1IlTp48cPnZ8tsIdf5BYiP9fNvKSCC0uSvoWsx/iddgQ8QY2S+mW99kMDFwp/+M//dM733vssXfq6+r+avPmTe1btty+ZeenH/6UanNuL4mSe157MD97b8HRnS4cTieR2hrWrFtD+ZP3k8vliM3FmZqYZGR4mLGhQQqjg8SG+jgxHWc2mcbUNY68e4ybb7+DDXfcz/5Dp625xoaJ3eFEkKSKKN1Atqk0d63FPjVFLBZHUlT6+waQFZmiVqJnTTe1dbX8/LHHiM3N8Pij36dvaAIwkQSJRDzN4EiUnKaRiMVoalmBz+uh/+J53njtTbzhGlweD5oOc7EsZaL09l4gr5UoTs/x3PMvYBgmNpvKt701FMoKmaKOpmcJmDJlUcXhihArehiZ0fFO5mle3UxD55oKG6EtDKoX5qVxpoVARMmaNDs/GUvApKQVSMRj49GRoVdfePHFF06fObu/b2AwUSgUjGWYBfEG7MP1fOCDfOI3thH43TtEQRDYvu3O4P07dmy/9dbbPtXc1LpdVu0NiBYxNN9iL0oSkiwuLKvzC44VlazkJpcrkEmmmJmLMzE+zuTEJAIlHn54B8N9Fzlx7Bhvv/kGfp/LkjGKAl3dnVw4c47YXILZRJJVa9Zw5/btYJooqowki8Tm4oRCYRTFwexsgnQyRTqVZmp0jNmpKSbHR4gl4+S0EoZpoqo2ttyxhZHhIS5e7kfXDTZuvpnVq7opaQUu9vaSyWsUCnnGp+aw2R243T7cXh9Bf5C29g7+zZf+kIMHjuB0WzCsqjpMMODH4bRZ+vJF7MXihA/TtDCxYEkUBCy9jVYqkksnU+Nj0d6RwYHX9x049MqRYydOR8fGtGWioLikavevjbAf6/FhHFpcJiob17kjb/SZj2ojAoYoCOKWW252t3d1rb5j69ZPrF+3/q5gqHqjrKhea1uv+W4KcWGc1fyglAUuFUuXYI0YMxay/kJBI5PJkEqlSafSxGMxYvE46USCVCpFMh4nnkigKjLr1q4kHouRTqWJRkfJZnP4PB5aWpsIV4Xxej04XS4KhRKpVJYzJ04TTyYQJAmb3YnN7kCULVmAarNhsztxOh14PR7sDidujwun04XT5cThcFQ2+LSGWyqKjCSJ7yttzd+4QkVnLCxsHWJUnlu0m2FakKOkFcnn0rlkbOby8RMn9l+6eHHf4PDw0XePnZzM5nLlG1zPG63efMCKbdzgpvit2wgf4QeLN3B640MsF7+JzYKtqqrilltvCa5dt3bjfffdty0crr7DHwitstnsQUGSxPm964TFHcqLCwW8T4d+rQptGcWOCRi6WXn7qt5hXqwz72iLm0XfTw9VVGuL/y7YmtcIg+ZfM83rS+EWCn7moiZU06LmDEOvDATKlXPZTGxmeqJ3fGz0yImTJw+dOXv+5PDIyPTUzJxxA6hofAg4eSOb613bj91G+IjR+XfuCPj9YnV1lX/VqpXd99x998bamtpb6hsa1jpc3jab3e5WZBVRkq1rv7gvbn6KjyAsausXrhHAL1fsN9/fm39VxrOoXf/9j+dvAK6pvl1XT7HYfxd3jyyUqa2+vHK5RKlUpJDPG4VcZjqdSvRf7us7PTU5eerM2bOnL/b1X5mamk7l8oXf6ev424Qc14uY14ucxofAVeINlqwPayN+wN257GNFlgmFgvKKttZgbW1tW3Nz89r6+vo1He3t3b5AqNPucIZtNrsqK4ooywqSKIEoXuPc1+Kxq8yQKVh+ZS6tLZlLe52v5a+uCuKv6cp7/62yEPmNBWpNL1stSiVNo1gsGPl8tlzIZhPpVHJoanrq8uDg8PlcNt17qX/gYiaTmey/MpzL5nLGDa4lH+J6/yY2fEAk5eO0+W0khR8nHbMcVjI+4L1lbZwOB7W1EVlRlGB3V2dTdXWkra21uV1VbK31jQ0NbrenTlXtQUVVvYqi2iVJliVJRBAt2lCsqHLE+elA1zTomVfLyoubSE0Ts7LFh1nBtqaho1ceG7qlhyiVS5Q1jWKxqBUL+UIhl0tkc5lYJpMZn5qaHi8W8oOjY2NDiVR6ZHJqeiiXy8+mMxktkUrzERK13xWbj9Vv/h/klMYmBzUjRgAAAABJRU5ErkJggg==\">','fqewfqewfqewfqewf',0,'','4k34е34е3е34е34е','page'),(4,'укпукпукп','пукпукпук','укпукпук','','',NULL,'','',0,'','ukpukpukp','page'),(5,'erwgergerg','gergerwgerwg','erger','','',NULL,'','',0,'','erwgergerg','news');

/*Table structure for table `positions` */

DROP TABLE IF EXISTS `positions`;

CREATE TABLE `positions` (
  `id` int(10) unsigned NOT NULL AUTO_INCREMENT,
  `good_id` int(10) unsigned NOT NULL DEFAULT '0',
  `order_id` int(10) unsigned NOT NULL DEFAULT '0',
  `count` int(10) unsigned NOT NULL DEFAULT '1',
  PRIMARY KEY (`id`)
) ENGINE=InnoDB AUTO_INCREMENT=25 DEFAULT CHARSET=utf8;

/*Data for the table `positions` */

insert  into `positions`(`id`,`good_id`,`order_id`,`count`) values (5,1,2398,3),(6,7,2398,2),(7,8,2398,3),(18,1,2394,1),(19,7,2394,1),(20,12,2394,1),(21,1,2393,1),(22,3,2393,4),(23,5,2393,3),(24,6,2393,4);

/*Table structure for table `roles` */

DROP TABLE IF EXISTS `roles`;

CREATE TABLE `roles` (
  `id` int(10) unsigned NOT NULL AUTO_INCREMENT,
  `name` varchar(32) DEFAULT NULL,
  `description` varchar(255) DEFAULT NULL,
  `can_destroy` tinyint(1) unsigned NOT NULL DEFAULT '1',
  PRIMARY KEY (`id`),
  UNIQUE KEY `unique_role` (`name`)
) ENGINE=InnoDB AUTO_INCREMENT=8 DEFAULT CHARSET=utf8;

/*Data for the table `roles` */

insert  into `roles`(`id`,`name`,`description`,`can_destroy`) values (1,'admin','Дает доступ к админ панели',0),(2,'login','Имеет возможность логина',0),(6,'ergergerwg','egergerwgergerger',1);

/*Table structure for table `roles_users` */

DROP TABLE IF EXISTS `roles_users`;

CREATE TABLE `roles_users` (
  `user_id` int(11) unsigned NOT NULL,
  `role_id` int(11) unsigned NOT NULL,
  PRIMARY KEY (`role_id`,`user_id`),
  KEY `fk_users_has_roles` (`user_id`),
  KEY `fk_roles_users_to_roles` (`role_id`),
  CONSTRAINT `fk_users_has_roles_key` FOREIGN KEY (`user_id`) REFERENCES `users` (`id`) ON DELETE CASCADE ON UPDATE CASCADE,
  CONSTRAINT `fk_users_has_roles_key_2` FOREIGN KEY (`role_id`) REFERENCES `roles` (`id`) ON DELETE CASCADE ON UPDATE CASCADE
) ENGINE=InnoDB DEFAULT CHARSET=utf8 COLLATE=utf8_unicode_ci;

/*Data for the table `roles_users` */

insert  into `roles_users`(`user_id`,`role_id`) values (1,1),(1,2);

/*Table structure for table `schedules` */

DROP TABLE IF EXISTS `schedules`;

CREATE TABLE `schedules` (
  `id` int(10) unsigned NOT NULL AUTO_INCREMENT,
  `day_num` int(1) unsigned NOT NULL DEFAULT '1',
  `hours` varchar(255) NOT NULL DEFAULT '[]',
  PRIMARY KEY (`id`)
) ENGINE=InnoDB AUTO_INCREMENT=9 DEFAULT CHARSET=utf8;

/*Data for the table `schedules` */

insert  into `schedules`(`id`,`day_num`,`hours`) values (1,1,'[\"00:00\",\"00:30\",\"01:00\",\"01:30\"]'),(2,2,'[\"06:00\",\"06:30\",\"07:00\",\"07:30\",\"08:00\",\"08:30\",\"09:00\",\"09:30\",\"10:00\"]'),(3,3,'[]'),(4,4,'[]'),(5,5,'[]'),(6,6,'[]'),(7,7,'[]');

/*Table structure for table `user_tokens` */

DROP TABLE IF EXISTS `user_tokens`;

CREATE TABLE `user_tokens` (
  `id` int(10) unsigned NOT NULL AUTO_INCREMENT,
  `token` varchar(255) DEFAULT NULL,
  `expires` int(11) DEFAULT NULL,
  `user_id` int(10) unsigned NOT NULL,
  `created` int(11) DEFAULT NULL,
  `user_agent` varchar(255) DEFAULT NULL,
  PRIMARY KEY (`id`),
  UNIQUE KEY `user_token` (`user_id`),
  CONSTRAINT `user_foreign` FOREIGN KEY (`user_id`) REFERENCES `users` (`id`) ON DELETE CASCADE ON UPDATE CASCADE
) ENGINE=InnoDB AUTO_INCREMENT=15 DEFAULT CHARSET=utf8;

/*Data for the table `user_tokens` */

insert  into `user_tokens`(`id`,`token`,`expires`,`user_id`,`created`,`user_agent`) values (14,'7ev0chPl3q9dvSJkz2BTP2pC4OD20Lxr',1407677312,1,1406467712,'78b51fed99648ab40c01898fd1e559c342a57955');

/*Table structure for table `users` */

DROP TABLE IF EXISTS `users`;

CREATE TABLE `users` (
  `id` int(10) unsigned NOT NULL AUTO_INCREMENT,
  `email` varchar(120) NOT NULL,
  `username` varchar(40) NOT NULL,
  `password` varchar(255) DEFAULT NULL,
  `logins` int(11) DEFAULT NULL,
  `last_login` int(11) DEFAULT NULL,
  `name` varchar(50) DEFAULT NULL,
  PRIMARY KEY (`id`)
) ENGINE=InnoDB AUTO_INCREMENT=2 DEFAULT CHARSET=utf8;

/*Data for the table `users` */

insert  into `users`(`id`,`email`,`username`,`password`,`logins`,`last_login`,`name`) values (1,'adok@ukr.net','admin','bcf08bae806f6e0910ac7faf1a2c7586309aa80f63991ddb87',9,1406467712,'Админ');

/*!40101 SET SQL_MODE=@OLD_SQL_MODE */;
/*!40014 SET FOREIGN_KEY_CHECKS=@OLD_FOREIGN_KEY_CHECKS */;
/*!40014 SET UNIQUE_CHECKS=@OLD_UNIQUE_CHECKS */;
/*!40111 SET SQL_NOTES=@OLD_SQL_NOTES */;
